content_id,category_code,filename,content_type,mime,size_bytes,duration_s,width,height,md5,caption,title,hashtags,link,caption_source,state,duplicate_of,times_used,last_used_at,first_seen_at,updated_at
1_UrRAIxnOse6QWRQSGNieq3OqVsSXyjg,01-nature,"📍Mizithres, Keri Zakynthos 🇬🇷 #traveltiamae #mizithres #keri #zante #zakynthos #travel #traveltiktok #travelworld.mp4",video,video/mp4,3875237,,,,79374bb6081bcf060a27b8f5fe7d7bd9,"📍Mizithres, Keri Zakynthos 🇬🇷 #traveltiamae #mizithres #keri #zante #zakynthos #travel #traveltiktok #travelworld","📍Mizithres, Keri Zakynthos 🇬🇷 #traveltiamae #mizithres #keri #zante #zakynthos #travel #traveltiktok",#nature #travel #reels,,filename,READY,,0,,2026-09-29T03:04:31Z,2026-09-29T03:04:31Z
11fni7HD-H8kGfpyEmP4Slb0uk_97e5y2,01-nature,Blue sea in Greece 🇬🇷 #traveltiamae #zante #zakynthos #travel #traveltiktok #travelworld #travellife #traveltiktok.mp4,video,video/mp4,5299064,,,,11cd22a55d0139e79c33fbe9e9468de7,Blue sea in Greece 🇬🇷 #traveltiamae #zante #zakynthos #travel #traveltiktok #travelworld #travellife #traveltiktok,Blue sea in Greece 🇬🇷 #traveltiamae #zante #zakynthos #travel #traveltiktok #travelworld #travellife,#nature #travel #reels,,filename,READY,,0,,2026-09-29T03:04:31Z,2026-09-29T03:04:31Z
1DBxC-Mr4j8AmzGkRa0HjAbflwU5nybED,01-nature,"📍Shipwreck Beach, Zakynthos Greece 🇬🇷 #shipwreckbeach #shipwreck #zakynthos #zante #greece #traveltiktok #travelworld.mp4",video,video/mp4,15136447,,,,e490a6a75bbfc2d48b338286d4e59c7f,"📍Shipwreck Beach, Zakynthos Greece 🇬🇷 #shipwreckbeach #shipwreck #zakynthos #zante #greece #traveltiktok #travelworld","📍Shipwreck Beach, Zakynthos Greece 🇬🇷 #shipwreckbeach #shipwreck #zakynthos #zante #greece #travelti",#nature #travel #reels,,filename,READY,,0,,2026-09-29T03:04:31Z,2026-09-29T03:04:31Z
14TbvizlRZKijvIv6p5ePGxGp9xXtqp-3,01-nature,Zakynthos 🇬🇷 #shipwreckbeach #shipwreck #bluesea #travel #zante #greece #travelworld #travellife #traveltiamae.mp4,video,video/mp4,11959460,,,,81cce8b8e01fa7fce061d0f2ae5452b5,Zakynthos 🇬🇷 #shipwreckbeach #shipwreck #bluesea #travel #zante #greece #travelworld #travellife #traveltiamae,Zakynthos 🇬🇷 #shipwreckbeach #shipwreck #bluesea #travel #zante #greece #travelworld #travellife #tr,#nature #travel #reels,,filename,READY,,0,,2026-09-29T03:04:31Z,2026-09-29T03:04:31Z
1GViYg98qeipp2oW46SWymysBogmePPCa,01-nature,"📍Mizithres, Keri Zakynthos 🇬🇷 #mizithresview #mizithres #keri #zakynthos #greece #bluesea #travelworld #travellife.mp4",video,video/mp4,2605696,,,,aff957f11f69e231c6c252bb14626b2e,"📍Mizithres, Keri Zakynthos 🇬🇷 #mizithresview #mizithres #keri #zakynthos #greece #bluesea #travelworld #travellife","📍Mizithres, Keri Zakynthos 🇬🇷 #mizithresview #mizithres #keri #zakynthos #greece #bluesea #travelwor",#nature #travel #reels,,filename,READY,,0,,2026-09-29T03:04:31Z,2026-09-29T03:04:31Z
1tmBHZjs2L4mHYD3VgyYOXvc5tkiPeFnQ,01-nature,📍The Minack Theatre Cornwall 🇬🇧 #theminacktheatre #cornwall #uk #travelworld #travellife #traveltiamae #travel.mp4,video,video/mp4,3338630,,,,39c4f2e291e51a856cdcf2ec8ead5357,📍The Minack Theatre Cornwall 🇬🇧 #theminacktheatre #cornwall #uk #travelworld #travellife #traveltiamae #travel,📍The Minack Theatre Cornwall 🇬🇧 #theminacktheatre #cornwall #uk #travelworld #travellife #traveltiam,#nature #travel #reels,,filename,READY,,0,,2026-09-29T03:04:31Z,2026-09-29T03:04:31Z
1i1VnD9jRrsluhA4ntTWuZSRVUkw8wtvR,01-nature,The colour of the sea near the shipwreck in Zante 🤩 #zante #shipwreckbay #shipwreck #greece #greecetravel #greecetiktok.mp4,video,video/mp4,12518417,,,,1710415213b6d9dc8533e5f68b0ee2e5,The colour of the sea near the shipwreck in Zante 🤩 #zante #shipwreckbay #shipwreck #greece #greecetravel #greecetiktok,The colour of the sea near the shipwreck in Zante 🤩 #zante #shipwreckbay #shipwreck #greece #greecet,#nature #travel #reels,,filename,READY,,0,,2026-09-29T03:04:31Z,2026-09-29T03:04:31Z
1SojPve0SXbCGleQb7aI7I_SQZm70mNeL,01-nature,Waters of Shipwreck Bay 🇬🇷 #greece #traveltiamae #shipwreckbay #shipwreck #greecetravel #greecetiktok #travelworld.mp4,video,video/mp4,6310793,,,,132643a937a975390999a50b1038bc27,Waters of Shipwreck Bay 🇬🇷 #greece #traveltiamae #shipwreckbay #shipwreck #greecetravel #greecetiktok #travelworld,Waters of Shipwreck Bay 🇬🇷 #greece #traveltiamae #shipwreckbay #shipwreck #greecetravel #greecetikto,#nature #travel #reels,,filename,READY,,0,,2026-09-29T03:04:31Z,2026-09-29T03:04:31Z
13OtEiWRGFjnYtj3l7BiW-ty3N2GjLzXq,01-nature,"Shipwreck Bay, Zante 🇬🇷 #shipwreckbay #shipwreck #greece #traveltiamae #greecetiktok #greecetravel #travelworld #zante.mp4",video,video/mp4,3939133,,,,047338f11653d2e5d3b6ce47fd2213c5,"Shipwreck Bay, Zante 🇬🇷 #shipwreckbay #shipwreck #greece #traveltiamae #greecetiktok #greecetravel #travelworld #zante","Shipwreck Bay, Zante 🇬🇷 #shipwreckbay #shipwreck #greece #traveltiamae #greecetiktok #greecetravel #",#nature #travel #reels,,filename,READY,,0,,2026-09-29T03:04:31Z,2026-09-29T03:04:31Z
1zuSmgr-8yZMfh2oD3m254SK5PquZhG4P,01-nature,#greece #zante #zakynthos #bluesea #traveltia #travel #traveltiktok.mp4,video,video/mp4,12849573,,,,d2a1ed7e9397918e867fd9342170ab42,#greece #zante #zakynthos #bluesea #traveltia #travel #traveltiktok,#greece #zante #zakynthos #bluesea #traveltia #travel #traveltiktok,#nature #travel #reels,,filename,READY,,0,,2026-09-29T03:04:31Z,2026-09-29T03:04:31Z
1A9FDrv31BC1P6z4YmscNv0ziLzdttAiO,01-nature,"📍Myzithres, Keri Zakynthos 🇬🇷 #myzithresviewpoint #myzithres #zante #zakynthos #greece #traveltia #travel #traveltiktok.mp4",video,video/mp4,4989702,,,,55afab913cfa1e7174272206f70c59ca,"📍Myzithres, Keri Zakynthos 🇬🇷 #myzithresviewpoint #myzithres #zante #zakynthos #greece #traveltia #travel #traveltiktok","📍Myzithres, Keri Zakynthos 🇬🇷 #myzithresviewpoint #myzithres #zante #zakynthos #greece #traveltia #t",#nature #travel #reels,,filename,READY,,0,,2026-09-29T03:04:31Z,2026-09-29T03:04:31Z
1V5ndz3VP_IiH3clcF8hhQp-5tP7J2KZy,01-nature,Shipwreck Bay 😍 #zante #zakynthos #greece #traveltia #travel #traveltiktok #bluesea.mp4,video,video/mp4,11655181,,,,038dcaea614e3496e8611ab068b13564,Shipwreck Bay 😍 #zante #zakynthos #greece #traveltia #travel #traveltiktok #bluesea,Shipwreck Bay 😍 #zante #zakynthos #greece #traveltia #travel #traveltiktok #bluesea,#nature #travel #reels,,filename,READY,,0,,2026-09-29T03:04:31Z,2026-09-29T03:04:31Z
1tzcyh_36cAEfsZiI3lYImmIxWYpmACCi,01-nature,🌊 #zante #zakynthos #greece #traveltia #travel #traveltiktok #bluesea.mp4,video,video/mp4,8044008,,,,383a5bcfd40142bb4b70ca59361daa36,🌊 #zante #zakynthos #greece #traveltia #travel #traveltiktok #bluesea,🌊 #zante #zakynthos #greece #traveltia #travel #traveltiktok #bluesea,#nature #travel #reels,,filename,READY,,0,,2026-09-29T03:04:31Z,2026-09-29T03:04:31Z
12bLFaPyW47g531TqVcucPJF1bvEfPiaL,01-nature,🤩 #zante #zakynthos #greece #traveltia #travel #traveltiktok #bluesea.mp4,video,video/mp4,5579781,,,,41802e2382a8936c3748cf8ef1dff28e,🤩 #zante #zakynthos #greece #traveltia #travel #traveltiktok #bluesea,🤩 #zante #zakynthos #greece #traveltia #travel #traveltiktok #bluesea,#nature #travel #reels,,filename,READY,,0,,2026-09-29T03:04:31Z,2026-09-29T03:04:31Z
1AJQvwDuznlGH8xOfCrtwdO55T9X27mqr,01-nature,"📍Xigia Beach, Zakynthos 🇬🇷 #zante #zakynthos #greece #xigiabeach #xigia #travel #traveltiktok #bluesea.mp4",video,video/mp4,2548166,,,,9896a2452b723b10616df3d32129ffce,"📍Xigia Beach, Zakynthos 🇬🇷 #zante #zakynthos #greece #xigiabeach #xigia #travel #traveltiktok #bluesea","📍Xigia Beach, Zakynthos 🇬🇷 #zante #zakynthos #greece #xigiabeach #xigia #travel #traveltiktok #blues",#nature #travel #reels,,filename,READY,,0,,2026-09-29T03:04:31Z,2026-09-29T03:04:31Z
17RIf-kRnoS4w_zugRb3oF0WOvJcaf9wA,01-nature,Zakynthos 🤩 #CapCut #zante #zakynthos #greece #traveltiktok #shipwreck.mp4,video,video/mp4,1538467,,,,6796ee367a0732b292731d6fc86d9c2e,Zakynthos 🤩 #CapCut #zante #zakynthos #greece #traveltiktok #shipwreck,Zakynthos 🤩 #CapCut #zante #zakynthos #greece #traveltiktok #shipwreck,#nature #travel #reels,,filename,READY,,0,,2026-09-29T03:04:31Z,2026-09-29T03:04:31Z
1av6dIL7qV3T2dE6QtmCs1NC01W6395dJ,01-nature,One of my fav places 🇬🇷 #zante #zakynthos #traveltiktok #shipwreck #shipwreckbay #xigiabeach #xigia #travel #bluesea.mp4,video,video/mp4,8982456,,,,5e7c978b9df487e5683d58f9ae329fbd,One of my fav places 🇬🇷 #zante #zakynthos #traveltiktok #shipwreck #shipwreckbay #xigiabeach #xigia #travel #bluesea,One of my fav places 🇬🇷 #zante #zakynthos #traveltiktok #shipwreck #shipwreckbay #xigiabeach #xigia ,#nature #travel #reels,,filename,READY,,0,,2026-09-29T03:04:31Z,2026-09-29T03:04:31Z
1mxZv7jspqFVMXu0vwPJFt5qn_xCcKxCQ,01-nature,#zante #zakynthos #traveltiktok #travel #traveltia.mp4,video,video/mp4,3280340,,,,a0fee0a3b89463ff2447a88f191fc9f2,#zante #zakynthos #traveltiktok #travel #traveltia,#zante #zakynthos #traveltiktok #travel #traveltia,#nature #travel #reels,,filename,READY,,0,,2026-09-29T03:04:31Z,2026-09-29T03:04:31Z
10WEDRpA6o_1KbDZBAw1WjKUBlNB8W5WN,01-nature,🇬🇷 🌎 #zakynthos #zante #traveltiktok #travel #traveltia #shipwreckbay #shipwreck #bluesea #travelgreece #greece.mp4,video,video/mp4,1630864,,,,c5f7879a01c93cc822bd7489551c5686,🇬🇷 🌎 #zakynthos #zante #traveltiktok #travel #traveltia #shipwreckbay #shipwreck #bluesea #travelgreece #greece,🇬🇷 🌎 #zakynthos #zante #traveltiktok #travel #traveltia #shipwreckbay #shipwreck #bluesea #travelgre,#nature #travel #reels,,filename,READY,,0,,2026-09-29T03:04:31Z,2026-09-29T03:04:31Z
1KeutS_g-jOnPLw1zOluc0lA3PVNjID57,01-nature,Merry Christmas all! 🎄🌍 #isleofwight #iow #merrychristmas #traveltiktok #traveluk #traveltia #travel #travelisleofwight.mp4,video,video/mp4,3010553,,,,4ffa284c7cd75f6013bafd49fa9544e1,Merry Christmas all! 🎄🌍 #isleofwight #iow #merrychristmas #traveltiktok #traveluk #traveltia #travel #travelisleofwight,Merry Christmas all! 🎄🌍 #isleofwight #iow #merrychristmas #traveltiktok #traveluk #traveltia #travel,#nature #travel #reels,,filename,READY,,0,,2026-09-29T03:04:31Z,2026-09-29T03:04:31Z
1qUOz7TFv-7SKzvkA9UE4-QpYLW6uHtiY,01-nature,La Gomera 🌍 #lagomera #lagomeraislands #canarias #travelcanarias #traveltiktok #travel #travellife.mp4,video,video/mp4,17811813,,,,56a1bd1e7972e07d1283c6d5aeb09d2d,La Gomera 🌍 #lagomera #lagomeraislands #canarias #travelcanarias #traveltiktok #travel #travellife,La Gomera 🌍 #lagomera #lagomeraislands #canarias #travelcanarias #traveltiktok #travel #travellife,#nature #travel #reels,,filename,READY,,0,,2026-09-29T03:04:31Z,2026-09-29T03:04:31Z
1YgxjpKaTSe-pwQfVO0XiRRHWIdVPTGqn,01-nature,"View of The Needles, Isle of Wight 🇬🇧 #traveltiktok #travel #travellife #isleofwight #iow #traveluk #traveltia.mp4",video,video/mp4,3032410,,,,587ab566af751c24de7953b21a10ff0f,"View of The Needles, Isle of Wight 🇬🇧 #traveltiktok #travel #travellife #isleofwight #iow #traveluk #traveltia","View of The Needles, Isle of Wight 🇬🇧 #traveltiktok #travel #travellife #isleofwight #iow #traveluk ",#nature #travel #reels,,filename,READY,,0,,2026-09-29T03:04:31Z,2026-09-29T03:04:31Z
1gw53paqavyYf3rxJm0R-HxNe3-OmDvLa,01-nature,✨ 🌊 #traveltiktok #travel #travellife #zakynthos #zante #bluesea #travelgreece #greece.mp4,video,video/mp4,8301702,,,,97d19f7bd34622afa4a092df81125e31,✨ 🌊 #traveltiktok #travel #travellife #zakynthos #zante #bluesea #travelgreece #greece,✨ 🌊 #traveltiktok #travel #travellife #zakynthos #zante #bluesea #travelgreece #greece,#nature #travel #reels,,filename,READY,,0,,2026-09-29T03:04:31Z,2026-09-29T03:04:31Z
1g_tJkMjh25PYac-1eliL7NOj9vJ84r2P,01-nature,"Shipwreck Bay, Zakynthos 🇬🇷 #traveltiktok #travel #travellife #zakynthos #zante #bluesea #travelgreece #greece.mp4",video,video/mp4,3734502,,,,1377c80fa174eee8bf8066ffd8d057be,"Shipwreck Bay, Zakynthos 🇬🇷 #traveltiktok #travel #travellife #zakynthos #zante #bluesea #travelgreece #greece","Shipwreck Bay, Zakynthos 🇬🇷 #traveltiktok #travel #travellife #zakynthos #zante #bluesea #travelgree",#nature #travel #reels,,filename,READY,,0,,2026-09-29T03:04:31Z,2026-09-29T03:04:31Z
1V5k45SZmaoA84Ru44b888bSwnCJBmlCs,01-nature,🇬🇷💙🌍 #traveltiktok #travel #travellife #zakynthos #zante #bluesea #travelgreece #greece #shipwreckbay.mp4,video,video/mp4,12955405,,,,038e71d0b1afad94dcc92b77bc5e7760,🇬🇷💙🌍 #traveltiktok #travel #travellife #zakynthos #zante #bluesea #travelgreece #greece #shipwreckbay,🇬🇷💙🌍 #traveltiktok #travel #travellife #zakynthos #zante #bluesea #travelgreece #greece #shipwreckba,#nature #travel #reels,,filename,READY,,0,,2026-09-29T03:04:31Z,2026-09-29T03:04:31Z
1sxJDJnpa60jmBeCXYSmsdnefqDpPc_4X,01-nature,Sunset 🌅 #sunsetlover #sunset #agalas #traveltiktok #travel #travellife #zakynthos #zante #travelgreece #greece.mp4,video,video/mp4,2925232,,,,a1079272f16cb9a5edb0caac7a1a9cca,Sunset 🌅 #sunsetlover #sunset #agalas #traveltiktok #travel #travellife #zakynthos #zante #travelgreece #greece,Sunset 🌅 #sunsetlover #sunset #agalas #traveltiktok #travel #travellife #zakynthos #zante #travelgre,#nature #travel #reels,,filename,READY,,0,,2026-09-29T03:04:31Z,2026-09-29T03:04:31Z
108Qhgatnl36uqU1pjPMYMoAALSwTYK_e,01-nature,Tenerife 🌍 🌴 #tenerife #canarias #traveltenerife #traveltiktok #travel #travellife #canaryislands #traveltok.mp4,video,video/mp4,3892971,,,,ed99abcc0b64a14a5ed3670d2de7073f,Tenerife 🌍 🌴 #tenerife #canarias #traveltenerife #traveltiktok #travel #travellife #canaryislands #traveltok,Tenerife 🌍 🌴 #tenerife #canarias #traveltenerife #traveltiktok #travel #travellife #canaryislands #t,#nature #travel #reels,,filename,READY,,0,,2026-09-29T03:04:31Z,2026-09-29T03:04:31Z
1HLyinpxoKkFGLtoJHtbkOc7qimFGEdeY,01-nature,"📍Mizithres, Limni Keri Zakynthos 🇬🇷 #mizithresview #lemnikeri #traveltiktok #travel #travellife #zakynthos #traveltok.mp4",video,video/mp4,12117433,,,,a1ef675fa5e88de095594c77522ae8dd,"📍Mizithres, Limni Keri Zakynthos 🇬🇷 #mizithresview #lemnikeri #traveltiktok #travel #travellife #zakynthos #traveltok","📍Mizithres, Limni Keri Zakynthos 🇬🇷 #mizithresview #lemnikeri #traveltiktok #travel #travellife #zak",#nature #travel #reels,,filename,READY,,0,,2026-09-29T03:04:31Z,2026-09-29T03:04:31Z
194_n0pCgDPBGIRV8cIqfkDFfRNn2ado6,01-nature,🇬🇷 🌍 #traveltiktok #travel #travellife #zakynthos #traveltok #zante #travelgreece #bluesea #greece #travelgreece.mp4,video,video/mp4,4273638,,,,41f5ee671fb8c9f1279779a9c8c6ef31,🇬🇷 🌍 #traveltiktok #travel #travellife #zakynthos #traveltok #zante #travelgreece #bluesea #greece #travelgreece,🇬🇷 🌍 #traveltiktok #travel #travellife #zakynthos #traveltok #zante #travelgreece #bluesea #greece #,#nature #travel #reels,,filename,READY,,0,,2026-09-29T03:04:31Z,2026-09-29T03:04:31Z
18X1ouB9gJOGh5zt1CC0U-SXEdC7-1ALa,01-nature,🌍 🇬🇷 #traveltiktok #travel #travellife #zakynthos #traveltok #zante #travelgreece #bluesea #greece.mp4,video,video/mp4,2699210,,,,24fd349653531735799af448d44a36a1,🌍 🇬🇷 #traveltiktok #travel #travellife #zakynthos #traveltok #zante #travelgreece #bluesea #greece,🌍 🇬🇷 #traveltiktok #travel #travellife #zakynthos #traveltok #zante #travelgreece #bluesea #greece,#nature #travel #reels,,filename,READY,,0,,2026-09-29T03:04:31Z,2026-09-29T03:04:31Z
15XbhumRI4kQys9mepHyijBIFgVgkha9Z,01-nature,"📍Xigia Sulfur Beach, Zakynthos 🇬🇷 #traveltiktok #travel #travellife #zakynthos #traveltok #zante #travelgreece #bluesea.mp4",video,video/mp4,3867828,,,,8c356bfd4b26dd42f2878c4802653a40,"📍Xigia Sulfur Beach, Zakynthos 🇬🇷 #traveltiktok #travel #travellife #zakynthos #traveltok #zante #travelgreece #bluesea","📍Xigia Sulfur Beach, Zakynthos 🇬🇷 #traveltiktok #travel #travellife #zakynthos #traveltok #zante #tr",#nature #travel #reels,,filename,READY,,0,,2026-09-29T03:04:31Z,2026-09-29T03:04:31Z
1nGeaMkPfUVO03EYi97Z3lYafOhP_uIcF,01-nature,🌊 🇬🇷 #zakynthos #greece #greecetiktok #travelgreece #travel #traveltiktok #zante #travellife #travelzante #sea #boattrip.mp4,video,video/mp4,6170114,,,,84b7006daef14ce696e4dc1334640b18,🌊 🇬🇷 #zakynthos #greece #greecetiktok #travelgreece #travel #traveltiktok #zante #travellife #travelzante #sea #boattrip,🌊 🇬🇷 #zakynthos #greece #greecetiktok #travelgreece #travel #traveltiktok #zante #travellife #travel,#nature #travel #reels,,filename,READY,,0,,2026-09-29T03:04:31Z,2026-09-29T03:04:31Z
14dsTaFbwWCm1F9oW2NNUnqQu-Nap8y3d,01-nature,Two sea colours in one 🌊 #greecetiktok #zakynthos #greece #greecetravel #travelgreece #travel #traveltiktok #zante.mp4,video,video/mp4,3604338,,,,337b6cd376f2bcd23564d8658272ba99,Two sea colours in one 🌊 #greecetiktok #zakynthos #greece #greecetravel #travelgreece #travel #traveltiktok #zante,Two sea colours in one 🌊 #greecetiktok #zakynthos #greece #greecetravel #travelgreece #travel #trave,#nature #travel #reels,,filename,READY,,0,,2026-09-29T03:04:31Z,2026-09-29T03:04:31Z
1ww04gKu5f8k4xQ2AyLrGO0QstLCkwMBH,01-nature,Cornwall beaches 🌊 #porthcurno #traveluk #travel #traveltiktok #travelcornwall #cornwall #porthcurnobeach #travellife.mp4,video,video/mp4,4986026,,,,28f367ff210bf038f7a68a15fc8350a1,Cornwall beaches 🌊 #porthcurno #traveluk #travel #traveltiktok #travelcornwall #cornwall #porthcurnobeach #travellife,Cornwall beaches 🌊 #porthcurno #traveluk #travel #traveltiktok #travelcornwall #cornwall #porthcurno,#nature #travel #reels,,filename,READY,,0,,2026-09-29T03:04:31Z,2026-09-29T03:04:31Z
1ZbX12ShSJ6Da8i-c-p_ueFYdFT8BSwZA,01-nature,🌍 🌊 #greecetiktok #travellife #traveltiktok #greece #zakynthos #greecetravel #travelgreece #zante #shipwreckbay.mp4,video,video/mp4,4150009,,,,fab2e0aef6dc8c6bb4fa93fbab1eabbe,🌍 🌊 #greecetiktok #travellife #traveltiktok #greece #zakynthos #greecetravel #travelgreece #zante #shipwreckbay,🌍 🌊 #greecetiktok #travellife #traveltiktok #greece #zakynthos #greecetravel #travelgreece #zante #s,#nature #travel #reels,,filename,READY,,0,,2026-09-29T03:04:31Z,2026-09-29T03:04:31Z
11Jl36s-YpAQIV2Fr2sWoe0kK4_TJIBdb,01-nature,💙 🇬🇷 #greecetiktok #travellife #traveltiktok #greece #zakynthos #greecetravel #travelgreece #zante #shipwreckbay.mp4,video,video/mp4,4835390,,,,00fa8a727db0fea3caf2bc54439b0814,💙 🇬🇷 #greecetiktok #travellife #traveltiktok #greece #zakynthos #greecetravel #travelgreece #zante #shipwreckbay,💙 🇬🇷 #greecetiktok #travellife #traveltiktok #greece #zakynthos #greecetravel #travelgreece #zante #,#nature #travel #reels,,filename,READY,,0,,2026-09-29T03:04:31Z,2026-09-29T03:04:31Z
1mX7hmbAIJtZcPjlOrzj_zVdaact1os90,01-nature,#greecetiktok #travellife #traveltiktok #greece #greecetravel #zakynthos #zante #travel #bluesea #travelzante.mp4,video,video/mp4,9020391,,,,94caf7df80455e4ff372f66881420758,#greecetiktok #travellife #traveltiktok #greece #greecetravel #zakynthos #zante #travel #bluesea #travelzante,#greecetiktok #travellife #traveltiktok #greece #greecetravel #zakynthos #zante #travel #bluesea #tr,#nature #travel #reels,,filename,READY,,0,,2026-09-29T03:04:31Z,2026-09-29T03:04:31Z
1Ya8iwCr9-Ek5vovr2mTO5DPdrFxa5suC,01-nature,#greecetiktok #travellife #traveltiktok #greece #greecetravel #zakynthos #zante #bluesea #travelzante #travelgreece.mp4,video,video/mp4,3117527,,,,025327ce64c1cf4ae8404ac457bd067e,#greecetiktok #travellife #traveltiktok #greece #greecetravel #zakynthos #zante #bluesea #travelzante #travelgreece,#greecetiktok #travellife #traveltiktok #greece #greecetravel #zakynthos #zante #bluesea #travelzant,#nature #travel #reels,,filename,READY,,0,,2026-09-29T03:04:31Z,2026-09-29T03:04:31Z
1kfErt_XPJpwd75HGkVY5VpzJxevih-JK,01-nature,Love this view 💙🇬🇷 #greecetiktok #travellife #traveltiktok #greece #greecetravel #zakynthos #zante #bluesea.mp4,video,video/mp4,2456769,,,,99c861a3de3cbb3df987072914a69979,Love this view 💙🇬🇷 #greecetiktok #travellife #traveltiktok #greece #greecetravel #zakynthos #zante #bluesea,Love this view 💙🇬🇷 #greecetiktok #travellife #traveltiktok #greece #greecetravel #zakynthos #zante #,#nature #travel #reels,,filename,READY,,0,,2026-09-29T03:04:31Z,2026-09-29T03:04:31Z
1kWCM44DpQvBCvLfEqTmoLi3u7kP0Ng2N,01-nature,Rock beach 🇬🇷 #greecetiktok #travellife #traveltiktok #rockbeach #greece #greecetravel #zante #bluesea #travelgreece.mp4,video,video/mp4,2465068,,,,8b7a533f40c2bccebcd988d7d21924ce,Rock beach 🇬🇷 #greecetiktok #travellife #traveltiktok #rockbeach #greece #greecetravel #zante #bluesea #travelgreece,Rock beach 🇬🇷 #greecetiktok #travellife #traveltiktok #rockbeach #greece #greecetravel #zante #blues,#nature #travel #reels,,filename,READY,,0,,2026-09-29T03:04:31Z,2026-09-29T03:04:31Z
1yn630l1CwTVpRn2EVzLjDf2pWWAVCg2_,01-nature,#greecetiktok #travellife #traveltiktok #sea #greece #travelgreece #bluesea #boattrip #zakynthos #travel #shipwreckbay.mp4,video,video/mp4,2494229,,,,244d07fb7f46c1c1f0b18eb85d59422e,#greecetiktok #travellife #traveltiktok #sea #greece #travelgreece #bluesea #boattrip #zakynthos #travel #shipwreckbay,#greecetiktok #travellife #traveltiktok #sea #greece #travelgreece #bluesea #boattrip #zakynthos #tr,#nature #travel #reels,,filename,READY,,0,,2026-09-29T03:04:31Z,2026-09-29T03:04:31Z
1tc07b5EfjW4l0TRMyGCR7Dn0NokxEQd4,01-nature,Tenerife Jeep Safari 🌴 #tenerife #canarias🇮🇨 #jeepsafari #playalasamericas #costaadeje #loschristianos #travellife.mp4,video,video/mp4,6635267,,,,c063d9244289a3fd043a9b9b539524af,Tenerife Jeep Safari 🌴 #tenerife #canarias🇮🇨 #jeepsafari #playalasamericas #costaadeje #loschristianos #travellife,Tenerife Jeep Safari 🌴 #tenerife #canarias🇮🇨 #jeepsafari #playalasamericas #costaadeje #loschristian,#nature #travel #reels,,filename,READY,,0,,2026-09-29T03:04:31Z,2026-09-29T03:04:31Z
1xK83Ph5_2FJDSqvVjks0hcjZY5TZKsff,01-nature,Turtle Island 🐢 #greece #zakynthos #greecetiktok #traveltok #traveltiktok #greece🇬🇷 #boattrip #bluesea #travel.mp4,video,video/mp4,5718716,,,,e73cf89a537cd6ed0fc0a193f0012a2d,Turtle Island 🐢 #greece #zakynthos #greecetiktok #traveltok #traveltiktok #greece🇬🇷 #boattrip #bluesea #travel,Turtle Island 🐢 #greece #zakynthos #greecetiktok #traveltok #traveltiktok #greece🇬🇷 #boattrip #blues,#nature #travel #reels,,filename,READY,,0,,2026-09-29T03:04:31Z,2026-09-29T03:04:31Z
11g07tLU9XBITLjKLu4SkD74xeKZ4A_lf,01-nature,La Gomera 🌳🌴 #lagomeraislands #lagomera #canarias🇮🇨 #canarias #canaryislands #traveltok #traveltiktok #travel.mp4,video,video/mp4,14207479,,,,b10fe7c165c91255c35d813e31e57d97,La Gomera 🌳🌴 #lagomeraislands #lagomera #canarias🇮🇨 #canarias #canaryislands #traveltok #traveltiktok #travel,La Gomera 🌳🌴 #lagomeraislands #lagomera #canarias🇮🇨 #canarias #canaryislands #traveltok #traveltikto,#nature #travel #reels,,filename,READY,,0,,2026-09-29T03:04:31Z,2026-09-29T03:04:31Z
1KFbvGGqR4WzxcVC62uPihd_422qwYiOp,01-nature,Amalfi Coast 🍋 🇮🇹 #amalficoast #amalficoastitaly #italy #travelitalia #travelitaly #traveltok #traveltiktok #travel.mp4,video,video/mp4,4952325,,,,973d36e0547a36e8b60b629d33ad8ee4,Amalfi Coast 🍋 🇮🇹 #amalficoast #amalficoastitaly #italy #travelitalia #travelitaly #traveltok #traveltiktok #travel,Amalfi Coast 🍋 🇮🇹 #amalficoast #amalficoastitaly #italy #travelitalia #travelitaly #traveltok #trave,#nature #travel #reels,,filename,READY,,0,,2026-09-29T03:04:31Z,2026-09-29T03:04:31Z
1VmnZLApYv0n9rIoSYMD1LJULJv78S8P-,01-nature,🇬🇷 #traveltok #greece #greecetiktok #traveltiktok #travel #travellife #zakynthos #boattrip.mp4,video,video/mp4,9841385,,,,251b18128ee2acd837b3a38915446e9b,🇬🇷 #traveltok #greece #greecetiktok #traveltiktok #travel #travellife #zakynthos #boattrip,🇬🇷 #traveltok #greece #greecetiktok #traveltiktok #travel #travellife #zakynthos #boattrip,#nature #travel #reels,,filename,READY,,0,,2026-09-29T03:04:31Z,2026-09-29T03:04:31Z
1aU8o_3Yxa6UvCISRMQReGPdd0CwtwYmE,01-nature,Xigia Beach 🏝️ #xigiabeach #xigia #xigia_sulfur_beaches🦆 #traveltok #greece #greecetiktok #traveltiktok #travel.mp4,video,video/mp4,6034406,,,,eb0a4131319f66234c4c17455f4fdf4f,Xigia Beach 🏝️ #xigiabeach #xigia #xigia sulfur beaches🦆 #traveltok #greece #greecetiktok #traveltiktok #travel,Xigia Beach 🏝️ #xigiabeach #xigia #xigia sulfur beaches🦆 #traveltok #greece #greecetiktok #traveltik,#nature #travel #reels,,filename,READY,,0,,2026-09-29T03:04:31Z,2026-09-29T03:04:31Z
1727aNVJaa6d_v48NHF00Yt10laWWsBck,01-nature,Agalas sunset 🧡 #agalas #agalassunset #traveltok #heart #greece #greecetiktok #traveltiktok #travel #zakynthos.mp4,video,video/mp4,1092672,,,,6fd2d7179b1154406cb26ddb97ef3e55,Agalas sunset 🧡 #agalas #agalassunset #traveltok #heart #greece #greecetiktok #traveltiktok #travel #zakynthos,Agalas sunset 🧡 #agalas #agalassunset #traveltok #heart #greece #greecetiktok #traveltiktok #travel ,#nature #travel #reels,,filename,READY,,0,,2026-09-29T03:04:31Z,2026-09-29T03:04:31Z
1BMoHE2Bjz97lJZ3V8_lYDCpffox852Wd,01-nature,🇬🇷 #traveltok #greecetiktok #traveltiktok #zakynthos #travel #shipwreck #shipwreckbay #bluesea.mp4,video,video/mp4,2433674,,,,3cc43a78d7948cd17131f7e7ec8fa704,🇬🇷 #traveltok #greecetiktok #traveltiktok #zakynthos #travel #shipwreck #shipwreckbay #bluesea,🇬🇷 #traveltok #greecetiktok #traveltiktok #zakynthos #travel #shipwreck #shipwreckbay #bluesea,#nature #travel #reels,,filename,READY,,0,,2026-09-29T03:04:31Z,2026-09-29T03:04:31Z
1H7uRpSOW3yW5nyzE2t2rC1FutqWTPE6x,01-nature,Zakynthos 🇬🇷 #zante #greecetiktok #traveltok #zakynthos #traveltiktok #travel #bluesea #shipwreckbay #xigiabeach.mp4,video,video/mp4,6030022,,,,7490a528b275ab818b8e51637fcf5f34,Zakynthos 🇬🇷 #zante #greecetiktok #traveltok #zakynthos #traveltiktok #travel #bluesea #shipwreckbay #xigiabeach,Zakynthos 🇬🇷 #zante #greecetiktok #traveltok #zakynthos #traveltiktok #travel #bluesea #shipwreckbay,#nature #travel #reels,,filename,READY,,0,,2026-09-29T03:04:31Z,2026-09-29T03:04:31Z
1WJm7LvdlkoMJaQL5J7cH2h11cpM_yN8l,01-nature,Cornwall Part 1 🇬🇧 #cornwall #cornwalltiktok #newquay #stives #porthcurno #uk #traveluk #traveltiktok #travel #uktravel.mp4,video,video/mp4,5253499,,,,8290bd047eb6f666d8f589f2f18f9217,Cornwall Part 1 🇬🇧 #cornwall #cornwalltiktok #newquay #stives #porthcurno #uk #traveluk #traveltiktok #travel #uktravel,Cornwall Part 1 🇬🇧 #cornwall #cornwalltiktok #newquay #stives #porthcurno #uk #traveluk #traveltikto,#nature #travel #reels,,filename,READY,,0,,2026-09-29T03:04:31Z,2026-09-29T03:04:31Z
10mHIXuWgJU732gUKiBKxRNDJruLR1cKa,01-nature,"We came across Turtle Island by taking a boat trip from Laganas, Zante 🇬🇷💙 #boattrip #laganas #zante #traveltiktok.mp4",video,video/mp4,19155797,,,,f6e1aee5f703e8ca301b3e695e6af6bd,"We came across Turtle Island by taking a boat trip from Laganas, Zante 🇬🇷💙 #boattrip #laganas #zante #traveltiktok","We came across Turtle Island by taking a boat trip from Laganas, Zante 🇬🇷💙 #boattrip #laganas #zante",#nature #travel #reels,,filename,READY,,0,,2026-09-29T03:04:31Z,2026-09-29T03:04:31Z
1vAW_Y89Lxz8lY3goUNWGn90h3BrcZIjV,01-nature,"📍Perranporth, Cornwall UK 🇬🇧 #perranporth #cornwall #uk #travelcornwall #traveluk #uktravel #travel #traveltok.mp4",video,video/mp4,14728252,,,,3907e1d96f7b54e0274ee814116c7652,"📍Perranporth, Cornwall UK 🇬🇧 #perranporth #cornwall #uk #travelcornwall #traveluk #uktravel #travel #traveltok","📍Perranporth, Cornwall UK 🇬🇧 #perranporth #cornwall #uk #travelcornwall #traveluk #uktravel #travel ",#nature #travel #reels,,filename,READY,,0,,2026-09-29T03:04:31Z,2026-09-29T03:04:31Z
1t-M706LdvDmkm0tX28J2mXK3RaHrCoG3,01-nature,🇬🇷 #travel #boattrip #zante #zakynthos #traveltiktok #greece #travelgreece #travellife.mp4,video,video/mp4,5076418,,,,86dea60f6e241b45d060d60a3bc53277,🇬🇷 #travel #boattrip #zante #zakynthos #traveltiktok #greece #travelgreece #travellife,🇬🇷 #travel #boattrip #zante #zakynthos #traveltiktok #greece #travelgreece #travellife,#nature #travel #reels,,filename,READY,,0,,2026-09-29T03:04:31Z,2026-09-29T03:04:31Z
1imOMlt1XauFK2Ok2hu9p1HM3s8mv8lrF,01-nature,Sea Caves 🌊 #travel #boattrip #zante #zakynthos #seacaves #traveltiktok #greece #travelgreece #travellife #traveltok.mp4,video,video/mp4,6143625,,,,17eabe7f2e8f87a4b8625513cad82eca,Sea Caves 🌊 #travel #boattrip #zante #zakynthos #seacaves #traveltiktok #greece #travelgreece #travellife #traveltok,Sea Caves 🌊 #travel #boattrip #zante #zakynthos #seacaves #traveltiktok #greece #travelgreece #trave,#nature #travel #reels,,filename,READY,,0,,2026-09-29T03:04:31Z,2026-09-29T03:04:31Z
1a24yTqBOYL_BrShtfs8vBN8nHkIiJmRw,01-nature,Rock Beach 🇬🇷 #rockbeach #travel #boattrip #zante #zakynthos #traveltiktok #greece #travelgreece #travellife #traveltok.mp4,video,video/mp4,2488728,,,,e9d8a7b1999f065c5008e368513981cc,Rock Beach 🇬🇷 #rockbeach #travel #boattrip #zante #zakynthos #traveltiktok #greece #travelgreece #travellife #traveltok,Rock Beach 🇬🇷 #rockbeach #travel #boattrip #zante #zakynthos #traveltiktok #greece #travelgreece #tr,#nature #travel #reels,,filename,READY,,0,,2026-09-29T03:04:31Z,2026-09-29T03:04:31Z
1RcgMUonl_LuQ1KnVu6IMrSV2ejHL-Wcb,01-nature,travel_explore_world_2023-01-14_7188544271362903302_source.mp4,video,video/mp4,5489310,,,,fd5d872bd9b8b4c7815e0cff7a597d60,Travel Explore World 2023 01 14 7188544271362903302 Source,Travel Explore World 2023 01 14 7188544271362903302 Source,#nature #travel #reels,,filename,READY,,0,,2026-09-29T03:04:31Z,2026-09-29T03:04:31Z
1Jdmz6SGqTTcRJ819o8eHzta2kTkYpFIb,01-nature,Cameo Island 🏝️ #cameo #travel #cameoisland #cameoislandzante #zante #greece #greecetiktok #zakynthos #travelgreece.mp4,video,video/mp4,6069802,,,,c0d16ddb5330a25f061ceac7492ab5cf,Cameo Island 🏝️ #cameo #travel #cameoisland #cameoislandzante #zante #greece #greecetiktok #zakynthos #travelgreece,Cameo Island 🏝️ #cameo #travel #cameoisland #cameoislandzante #zante #greece #greecetiktok #zakyntho,#nature #travel #reels,,filename,READY,,0,,2026-09-29T03:04:31Z,2026-09-29T03:04:31Z
1T_wJqPQr1M0o0i0Y0eXivUGPPKaMMXec,01-nature,"Turtle Island, Zante Greece 🇬🇷 #travel #zante #greece #greecetiktok #zakynthos #travelgreece #traveltiktok #travellife.mp4",video,video/mp4,5722347,,,,1f0791eb6dba39c31fe311a8cdbb751f,"Turtle Island, Zante Greece 🇬🇷 #travel #zante #greece #greecetiktok #zakynthos #travelgreece #traveltiktok #travellife","Turtle Island, Zante Greece 🇬🇷 #travel #zante #greece #greecetiktok #zakynthos #travelgreece #travel",#nature #travel #reels,,filename,READY,,0,,2026-09-29T03:04:31Z,2026-09-29T03:04:31Z
18SsRo0COTWTP33qbYug-WedrKCISt8zk,01-nature,#travel #zante #greece #zakynthos #travelgreece #traveltiktok #travellife.mp4,video,video/mp4,5216312,,,,ebddcbe05d18beeb8cadd0b07413405c,#travel #zante #greece #zakynthos #travelgreece #traveltiktok #travellife,#travel #zante #greece #zakynthos #travelgreece #traveltiktok #travellife,#nature #travel #reels,,filename,READY,,0,,2026-09-29T03:04:31Z,2026-09-29T03:04:31Z
1jHrtzUWQaI_tj3vML2mwfiD4q7qtxw8N,01-nature,Shipwreck Bay 🇬🇷 #travel #zante #greece #zakynthos #travelgreece #travellife #greecetiktok #shipwreck #shipwreckzante.mp4,video,video/mp4,3797985,,,,332298bb72aa77fb6c6706150eb7e137,Shipwreck Bay 🇬🇷 #travel #zante #greece #zakynthos #travelgreece #travellife #greecetiktok #shipwreck #shipwreckzante,Shipwreck Bay 🇬🇷 #travel #zante #greece #zakynthos #travelgreece #travellife #greecetiktok #shipwrec,#nature #travel #reels,,filename,READY,,0,,2026-09-29T03:04:31Z,2026-09-29T03:04:31Z
15hbFe2Nx8ED-w6MVxOlsS7bj7DiMaqVW,01-nature,"📍Cameo Island, Zakynthos 🇬🇷 #cameo #cameoisland #zante #zakynthos #greece #greecetiktok #travel #traveltiktok.mp4",video,video/mp4,5540758,,,,c6b45611645316c5af015eb2afbd4a4f,"📍Cameo Island, Zakynthos 🇬🇷 #cameo #cameoisland #zante #zakynthos #greece #greecetiktok #travel #traveltiktok","📍Cameo Island, Zakynthos 🇬🇷 #cameo #cameoisland #zante #zakynthos #greece #greecetiktok #travel #tra",#nature #travel #reels,,filename,READY,,0,,2026-09-29T03:04:31Z,2026-09-29T03:04:31Z
1fMLBWv3SV9rH8uUNampDBIP644OpdRg6,01-nature,"📍Costa Adeje, Tenerife 🌴 #costaadeje #tenerife #canarias🇮🇨 #canarias #canaryislands #traveltiktok #travelhayley #travel.mp4",video,video/mp4,15634315,,,,74dfe5acea93c6af6da15fe7f9241993,"📍Costa Adeje, Tenerife 🌴 #costaadeje #tenerife #canarias🇮🇨 #canarias #canaryislands #traveltiktok #travelhayley #travel","📍Costa Adeje, Tenerife 🌴 #costaadeje #tenerife #canarias🇮🇨 #canarias #canaryislands #traveltiktok #t",#nature #travel #reels,,filename,READY,,0,,2026-09-29T03:04:31Z,2026-09-29T03:04:31Z
1hIQFVHqRhUZCQjYZ9-UKZCtiREResZwm,01-nature,"📍Jameos del Agua, Lanzarote 🌴 #canarias🇮🇨 #canarias #traveltiktok #lanzarote #jameosdelagua #canaryislands.mp4",video,video/mp4,11727067,,,,af26b3aa546355a96d1d2d8aea82878d,"📍Jameos del Agua, Lanzarote 🌴 #canarias🇮🇨 #canarias #traveltiktok #lanzarote #jameosdelagua #canaryislands","📍Jameos del Agua, Lanzarote 🌴 #canarias🇮🇨 #canarias #traveltiktok #lanzarote #jameosdelagua #canaryi",#nature #travel #reels,,filename,READY,,0,,2026-09-29T03:04:31Z,2026-09-29T03:04:31Z
1k4jIq6So3YIFMKOKYUc2EQpYhrvZzmZD,01-nature,Isle of Wight 🇬🇧 #iow #isleofwight #traveluk #uk #travel #traveltiktok #travelhayley #travellife #bluesea.mp4,video,video/mp4,6102241,,,,d1ba552b589d128018c51b876a33710c,Isle of Wight 🇬🇧 #iow #isleofwight #traveluk #uk #travel #traveltiktok #travelhayley #travellife #bluesea,Isle of Wight 🇬🇧 #iow #isleofwight #traveluk #uk #travel #traveltiktok #travelhayley #travellife #bl,#nature #travel #reels,,filename,READY,,0,,2026-09-29T03:04:31Z,2026-09-29T03:04:31Z
16oQH1B2ZVE1gNMWR58rYM_AJhngbEBGd,01-nature,🌊 🇬🇷 #travel #traveltiktok #travelhayley #travelgreece #greece #greecetiktok #zakynthos #zakinthos #zante #sea.mp4,video,video/mp4,4954878,,,,a99e5110fe496b03731c0d87e55d64bb,🌊 🇬🇷 #travel #traveltiktok #travelhayley #travelgreece #greece #greecetiktok #zakynthos #zakinthos #zante #sea,🌊 🇬🇷 #travel #traveltiktok #travelhayley #travelgreece #greece #greecetiktok #zakynthos #zakinthos #,#nature #travel #reels,,filename,READY,,0,,2026-09-29T03:04:31Z,2026-09-29T03:04:31Z
1uoiB9AUC8HGivfH-VKKO7lMfIQRqxkdU,01-nature,"📍Brienz, Switzerland🇨🇭 #travel #traveltiktok #travelhayley #travelswitzerland #switzerland #switzerlandnature.mp4",video,video/mp4,3616560,,,,938436e2d911369b1772fe77e31d0d1d,"📍Brienz, Switzerland🇨🇭 #travel #traveltiktok #travelhayley #travelswitzerland #switzerland #switzerlandnature","📍Brienz, Switzerland🇨🇭 #travel #traveltiktok #travelhayley #travelswitzerland #switzerland #switzerl",#nature #travel #reels,,filename,READY,,0,,2026-09-29T03:04:31Z,2026-09-29T03:04:31Z
13gNizyzii8uFBZQjEwqJOi3LwppR7bhh,01-nature,"📍Interlaken, Switzerland🇨🇭 #travel #traveltiktok #travelhayley #travelswitzerland #switzerland #switzerlandnature.mp4",video,video/mp4,4157872,,,,8c79f9228b12c427513f2c280c8cf21c,"📍Interlaken, Switzerland🇨🇭 #travel #traveltiktok #travelhayley #travelswitzerland #switzerland #switzerlandnature","📍Interlaken, Switzerland🇨🇭 #travel #traveltiktok #travelhayley #travelswitzerland #switzerland #swit",#nature #travel #reels,,filename,READY,,0,,2026-09-29T03:04:31Z,2026-09-29T03:04:31Z
1C6xoudu3lhlj7EScbGhiaXvMMMobyMtJ,01-nature,Switzerland🇨🇭#travel #traveltiktok #travelhayley #travelswitzerland #brienzerrothorn #interlaken #swissbeautiful.mp4,video,video/mp4,6117096,,,,48ce71602bcc642a0c1f49b2e911d578,Switzerland🇨🇭#travel #traveltiktok #travelhayley #travelswitzerland #brienzerrothorn #interlaken #swissbeautiful,Switzerland🇨🇭#travel #traveltiktok #travelhayley #travelswitzerland #brienzerrothorn #interlaken #sw,#nature #travel #reels,,filename,READY,,0,,2026-09-29T03:04:31Z,2026-09-29T03:04:31Z
1k8VSEyCc_qsftGxlsyjm6wm7ETL8het0,01-nature,Swiss mountains ⛰️ #travel #traveltiktok #travelhayley #travelswitzerland #swissbeautiful #switzerlandnature.mp4,video,video/mp4,2317306,,,,78823fe012632b2565b310bea2d865fe,Swiss mountains ⛰️ #travel #traveltiktok #travelhayley #travelswitzerland #swissbeautiful #switzerlandnature,Swiss mountains ⛰️ #travel #traveltiktok #travelhayley #travelswitzerland #swissbeautiful #switzerla,#nature #travel #reels,,filename,READY,,0,,2026-09-29T03:04:31Z,2026-09-29T03:04:31Z
1aN_xCpyGyDp-99P2anfj1S88Q97qIK0T,01-nature,"📍Zermatt, Switzerland🇨🇭#zermatt #zermattmatterhorn #matterhorn #switzerland #swissbeautiful #switzerlandnature.mp4",video,video/mp4,3187809,,,,46ac78594b8a6683cc7bd892acbfc597,"📍Zermatt, Switzerland🇨🇭#zermatt #zermattmatterhorn #matterhorn #switzerland #swissbeautiful #switzerlandnature","📍Zermatt, Switzerland🇨🇭#zermatt #zermattmatterhorn #matterhorn #switzerland #swissbeautiful #switzer",#nature #travel #reels,,filename,READY,,0,,2026-09-29T03:04:31Z,2026-09-29T03:04:31Z
1sgX4qGMmB9WEdK2ypPS0N_SE9uuWl_PA,01-nature,"📍Lauterbrunnen, Switzerland🇨🇭 #lauterbrunnen #switzerland #swissbeautiful #switzerlandnature #travelhayley #travel.mp4",video,video/mp4,3278291,,,,64374c230c9b080d51d44147fe4b45f0,"📍Lauterbrunnen, Switzerland🇨🇭 #lauterbrunnen #switzerland #swissbeautiful #switzerlandnature #travelhayley #travel","📍Lauterbrunnen, Switzerland🇨🇭 #lauterbrunnen #switzerland #swissbeautiful #switzerlandnature #travel",#nature #travel #reels,,filename,READY,,0,,2026-09-29T03:04:31Z,2026-09-29T03:04:31Z
1nvWOJcOUISzGbo-6HxzoOSpDCModhhRR,01-nature,📍Brooklyn Bridge 🇺🇸 #brooklynbridge #brooklyn #newyork #travelhayley #travelusa #travelnewyork #usa #america.mp4,video,video/mp4,24911945,,,,0e0fc1d36ea0dca54cbbf40055abc964,📍Brooklyn Bridge 🇺🇸 #brooklynbridge #brooklyn #newyork #travelhayley #travelusa #travelnewyork #usa #america,📍Brooklyn Bridge 🇺🇸 #brooklynbridge #brooklyn #newyork #travelhayley #travelusa #travelnewyork #usa ,#nature #travel #reels,,filename,READY,,0,,2026-09-29T03:04:31Z,2026-09-29T03:04:31Z
1imxDqzDiSKAcTchkKEqU-3wkf1R5QsgT,01-nature,Brooklyn Bridge 🌉 #brooklynbridge #brooklyn #newyork #travelhayley #travelusa #travelnewyork #usa #america.mp4,video,video/mp4,4062868,,,,8e60cbe7785784cafa708a79bc3d278b,Brooklyn Bridge 🌉 #brooklynbridge #brooklyn #newyork #travelhayley #travelusa #travelnewyork #usa #america,Brooklyn Bridge 🌉 #brooklynbridge #brooklyn #newyork #travelhayley #travelusa #travelnewyork #usa #a,#nature #travel #reels,,filename,READY,,0,,2026-09-29T03:04:31Z,2026-09-29T03:04:31Z
1aIuHa8t_N6UPlq1Wr5cFIMkTiFkwqR8s,01-nature,"📍Times Square, New York 🇺🇸 #travelhayley #timesquare #newyork #travelusa #travelnewyork #america #usa #manhattan.mp4",video,video/mp4,2602377,,,,a42188bbbaf19fa15c32d57df5a7a6d9,"📍Times Square, New York 🇺🇸 #travelhayley #timesquare #newyork #travelusa #travelnewyork #america #usa #manhattan","📍Times Square, New York 🇺🇸 #travelhayley #timesquare #newyork #travelusa #travelnewyork #america #us",#nature #travel #reels,,filename,READY,,0,,2026-09-29T03:04:31Z,2026-09-29T03:04:31Z
1EW6aAk2vptQDTHSd6OSfJR7JBM1PTrpt,01-nature,"📍Times Square, New York #travelhayley #timesquare #newyork #travelusa #travelnewyork #usa #america.mp4",video,video/mp4,4556512,,,,3e549ad40c8e07231204a4467e170270,"📍Times Square, New York #travelhayley #timesquare #newyork #travelusa #travelnewyork #usa #america","📍Times Square, New York #travelhayley #timesquare #newyork #travelusa #travelnewyork #usa #america",#nature #travel #reels,,filename,READY,,0,,2026-09-29T03:04:31Z,2026-09-29T03:04:31Z
1vnQIC8VCscdLqEbZoo3eYvCjStbA8AiO,01-nature,"📍Top of the Rock, Rockefeller Centre New York 🇺🇸 #travelhayley #topoftherock #nyc #newyork #travelusa #travelnewyork.mp4",video,video/mp4,2462902,,,,f489180c9271c405a38e5d8a48b3adff,"📍Top of the Rock, Rockefeller Centre New York 🇺🇸 #travelhayley #topoftherock #nyc #newyork #travelusa #travelnewyork","📍Top of the Rock, Rockefeller Centre New York 🇺🇸 #travelhayley #topoftherock #nyc #newyork #travelus",#nature #travel #reels,,filename,READY,,0,,2026-09-29T03:04:31Z,2026-09-29T03:04:31Z
1eCBGAbeKfTXseQZwBI03GZisBzzzTBso,01-nature,Brooklyn Bridge views 🤍 #travelhayley #nyc #newyork #travelusa #travelnewyork #america #usa #brooklynbridge #brooklyn.mp4,video,video/mp4,3522368,,,,122f16c02e5878eda9f07432d636a918,Brooklyn Bridge views 🤍 #travelhayley #nyc #newyork #travelusa #travelnewyork #america #usa #brooklynbridge #brooklyn,Brooklyn Bridge views 🤍 #travelhayley #nyc #newyork #travelusa #travelnewyork #america #usa #brookly,#nature #travel #reels,,filename,READY,,0,,2026-09-29T03:04:31Z,2026-09-29T03:04:31Z
1qRmqlKyFScPDOOybT5K0wJpkintVZ32l,01-nature,"📍The Vessel, New York #thevessel #travelhayley #nyc #newyork #travelusa #travelnewyork #america #usa #travel.mp4",video,video/mp4,2217815,,,,5af11313024ea46cf12d9d595242ce02,"📍The Vessel, New York #thevessel #travelhayley #nyc #newyork #travelusa #travelnewyork #america #usa #travel","📍The Vessel, New York #thevessel #travelhayley #nyc #newyork #travelusa #travelnewyork #america #usa",#nature #travel #reels,,filename,READY,,0,,2026-09-29T03:04:31Z,2026-09-29T03:04:31Z
1tXFZLrnJ6NGqHgZfpz5PvWMu9kyhj167,01-nature,NYC at night ✨ #nyc #nycnight #travelhayley #summit #newyork #travelusa #travelnewyork #america #empirestatebuilding.mp4,video,video/mp4,1900676,,,,d0336fd9f67a1922a2384d436c6d7cb4,NYC at night ✨ #nyc #nycnight #travelhayley #summit #newyork #travelusa #travelnewyork #america #empirestatebuilding,NYC at night ✨ #nyc #nycnight #travelhayley #summit #newyork #travelusa #travelnewyork #america #emp,#nature #travel #reels,,filename,READY,,0,,2026-09-29T03:04:31Z,2026-09-29T03:04:31Z
1XUc83dRUxB_ZxqifXUNGI9JZXsg15nqC,01-nature,NYC at night ✨ #nyc #nycnight #travelhayley #summit #newyork #travelusa #america #empirestatebuilding #travel.mp4,video,video/mp4,2801665,,,,de693a0984b4e52affda84294fb6c9d5,NYC at night ✨ #nyc #nycnight #travelhayley #summit #newyork #travelusa #america #empirestatebuilding #travel,NYC at night ✨ #nyc #nycnight #travelhayley #summit #newyork #travelusa #america #empirestatebuildin,#nature #travel #reels,,filename,READY,,0,,2026-09-29T03:04:31Z,2026-09-29T03:04:31Z
1xVTRByxYIIEq4QUrYa-L9a3SYuUepbLu,01-nature,NYC at night ✨ #nyc #nycnight #travelhayley #summit #newyork #travelusa #america #travel #manhattan.mp4,video,video/mp4,1640370,,,,437eb813d66c7b8473938e385c7fc27d,NYC at night ✨ #nyc #nycnight #travelhayley #summit #newyork #travelusa #america #travel #manhattan,NYC at night ✨ #nyc #nycnight #travelhayley #summit #newyork #travelusa #america #travel #manhattan,#nature #travel #reels,,filename,READY,,0,,2026-09-29T03:04:31Z,2026-09-29T03:04:31Z
1Slr3K9U2Pj8tS7KMCQ1eTvnVX0RwtDX7,01-nature,#nyc #travelhayley #newyork #travelusa #timessquare #america #manhattan #travel #travelnewyork.mp4,video,video/mp4,4267504,,,,1840dbc343e63dae4dd957f95089efe7,#nyc #travelhayley #newyork #travelusa #timessquare #america #manhattan #travel #travelnewyork,#nyc #travelhayley #newyork #travelusa #timessquare #america #manhattan #travel #travelnewyork,#nature #travel #reels,,filename,READY,,0,,2026-09-29T03:04:31Z,2026-09-29T03:04:31Z
191If1OVAAeDD5DcjS-gDmAr2OsN-CYLP,01-nature,✨ #thesummitonevanderbilt #summit #travelhayley #nyc #newyork #travelusa #america #travel #empirestatebuilding.mp4,video,video/mp4,9119693,,,,dbd045f7a2063b1a818f1919308f29eb,✨ #thesummitonevanderbilt #summit #travelhayley #nyc #newyork #travelusa #america #travel #empirestatebuilding,✨ #thesummitonevanderbilt #summit #travelhayley #nyc #newyork #travelusa #america #travel #empiresta,#nature #travel #reels,,filename,READY,,0,,2026-09-29T03:04:31Z,2026-09-29T03:04:31Z
121ZwnlQnOI60DbhognluePM8oOjFOD1S,01-nature,#travelhayley #nyc #newyork #travelusa #america #travel #empirestatebuilding #timessquare #manhattan #travelnewyork.mp4,video,video/mp4,3455336,,,,b31c3c071cbb911d7d32515edab9135d,#travelhayley #nyc #newyork #travelusa #america #travel #empirestatebuilding #timessquare #manhattan #travelnewyork,#travelhayley #nyc #newyork #travelusa #america #travel #empirestatebuilding #timessquare #manhattan,#nature #travel #reels,,filename,READY,,0,,2026-09-29T03:04:31Z,2026-09-29T03:04:31Z
1dGLGKCLXYjXrwoZJqCDExPdJ0fpMhCpy,01-nature,NYC at night ✨🪩 #travelhayley #nyc #newyork #travelusa #america #travel #empirestatebuilding #manhattan #travelnewyork.mp4,video,video/mp4,6399294,,,,948de06dfd7c22d0d71e5a44853dca05,NYC at night ✨🪩 #travelhayley #nyc #newyork #travelusa #america #travel #empirestatebuilding #manhattan #travelnewyork,NYC at night ✨🪩 #travelhayley #nyc #newyork #travelusa #america #travel #empirestatebuilding #manhat,#nature #travel #reels,,filename,READY,,0,,2026-09-29T03:04:31Z,2026-09-29T03:04:31Z
1llW0RH-76_9Bi4DBkvpUnYYvSRT7qCUO,01-nature,Times Square day and night ✨ #travelhayley #nyc #newyork #traveltiamae #traveltia #newyorklife #travelusa #america.mp4,video,video/mp4,5936669,,,,d264c9e93adc9a9f51ad52dc503622fe,Times Square day and night ✨ #travelhayley #nyc #newyork #traveltiamae #traveltia #newyorklife #travelusa #america,Times Square day and night ✨ #travelhayley #nyc #newyork #traveltiamae #traveltia #newyorklife #trav,#nature #travel #reels,,filename,READY,,0,,2026-09-29T03:04:31Z,2026-09-29T03:04:31Z
1W2_GTH-l2dafGU3aEo_xSaYBOLhx15--,01-nature,Brooklyn Bridge 🌉 #travelhayley #nyc #newyork #traveltiamae #traveltia #newyorklife #newyorklife #travelusa #america.mp4,video,video/mp4,2996556,,,,c3a9931fc9d17b602ccf3825e356532a,Brooklyn Bridge 🌉 #travelhayley #nyc #newyork #traveltiamae #traveltia #newyorklife #newyorklife #travelusa #america,Brooklyn Bridge 🌉 #travelhayley #nyc #newyork #traveltiamae #traveltia #newyorklife #newyorklife #tr,#nature #travel #reels,,filename,READY,,0,,2026-09-29T03:04:31Z,2026-09-29T03:04:31Z
1oY87ro5y_XHsNGnS_nrHE0p36aWqeA6-,01-nature,#travelhayley #nyc #traveltiamae #newyork #traveltia #newyorklife #travelusa #america #brooklynbridge #brooklyn #travel.mp4,video,video/mp4,3593565,,,,11e2e6abe61f96a0f4c741a234ee2b48,#travelhayley #nyc #traveltiamae #newyork #traveltia #newyorklife #travelusa #america #brooklynbridge #brooklyn #travel,#travelhayley #nyc #traveltiamae #newyork #traveltia #newyorklife #travelusa #america #brooklynbridg,#nature #travel #reels,,filename,READY,,0,,2026-09-29T03:04:31Z,2026-09-29T03:04:31Z
1S-munrLeA8CQVxgLerGPtqzhfTAqKLc_,01-nature,🇺🇸 #travelhayley #traveltiamae #newyork #traveltia #newyorkcity #travelusa #timessquare.mp4,video,video/mp4,3483882,,,,c8f6c04bbb4acf2334ed641f57191f73,🇺🇸 #travelhayley #traveltiamae #newyork #traveltia #newyorkcity #travelusa #timessquare,🇺🇸 #travelhayley #traveltiamae #newyork #traveltia #newyorkcity #travelusa #timessquare,#nature #travel #reels,,filename,READY,,0,,2026-09-29T03:04:31Z,2026-09-29T03:04:31Z
1dyxh78FK5HBkACcOqYYJrwdQ4c7mn8nd,01-nature,🌙 ✨ #usasky #nightsky #america #americafromabove #nightsky #traveltia #travelhayley.mp4,video,video/mp4,2370181,,,,400fa72746bef76f7a315e605819f1a0,🌙 ✨ #usasky #nightsky #america #americafromabove #nightsky #traveltia #travelhayley,🌙 ✨ #usasky #nightsky #america #americafromabove #nightsky #traveltia #travelhayley,#nature #travel #reels,,filename,READY,,0,,2026-09-29T03:04:31Z,2026-09-29T03:04:31Z
1vEvBwyyoesJKzVIB6wn5iLTwjVkRs1dC,01-nature,🇺🇸 #usa #america #traveltia #travelhayley #newyork #newyorkcity #newyorklife #travelusa #travel.mp4,video,video/mp4,3430789,,,,0cdc1b1ed162be71b8a41986d21b2d2a,🇺🇸 #usa #america #traveltia #travelhayley #newyork #newyorkcity #newyorklife #travelusa #travel,🇺🇸 #usa #america #traveltia #travelhayley #newyork #newyorkcity #newyorklife #travelusa #travel,#nature #travel #reels,,filename,READY,,0,,2026-09-29T03:04:31Z,2026-09-29T03:04:31Z
1iWEMrcUI1fIy71Jgr8TQ1YDJ5jXNRs3V,01-nature,Brooklyn Bridge ✨ 🤍 #usa #america #traveltia #travelhayley #newyork #newyorkcity #travelusa #brooklyn #brooklynbridge.mp4,video,video/mp4,6187079,,,,c1e0424839551bdfd9c74f588d5fb755,Brooklyn Bridge ✨ 🤍 #usa #america #traveltia #travelhayley #newyork #newyorkcity #travelusa #brooklyn #brooklynbridge,Brooklyn Bridge ✨ 🤍 #usa #america #traveltia #travelhayley #newyork #newyorkcity #travelusa #brookly,#nature #travel #reels,,filename,READY,,0,,2026-09-29T03:04:31Z,2026-09-29T03:04:31Z
1m0a8gkmX8SWcQR0mYxxhi-TB7uBLykov,01-nature,#zakynthos #greece #travelgreece #traveltia #travelhayley #traveltok #traveltiktok #travelgreece #zante.mp4,video,video/mp4,3470670,,,,24ff9a56e6be38efb76ad9639b01bf37,#zakynthos #greece #travelgreece #traveltia #travelhayley #traveltok #traveltiktok #travelgreece #zante,#zakynthos #greece #travelgreece #traveltia #travelhayley #traveltok #traveltiktok #travelgreece #za,#nature #travel #reels,,filename,READY,,0,,2026-09-29T03:04:31Z,2026-09-29T03:04:31Z
1yUR66qrSy7is0k3OPWmDnXw7BjGr7dTv,01-nature,"📍Zante, Greece #greece #greecetiktok #greecetravel #zante #zantetravel #traveltiktok #traveltia #traveltiamae.mp4",video,video/mp4,1394066,,,,913ba3996c3c097784dec410262bcf8e,"📍Zante, Greece #greece #greecetiktok #greecetravel #zante #zantetravel #traveltiktok #traveltia #traveltiamae","📍Zante, Greece #greece #greecetiktok #greecetravel #zante #zantetravel #traveltiktok #traveltia #tra",#nature #travel #reels,,filename,READY,,0,,2026-09-29T03:04:31Z,2026-09-29T03:04:31Z
1IVgJnJPAHAvpwdI9i96jIz0I_lPkGAhs,01-nature,"📍Zante, Shipwreck Island, Greece #greece #greecetiktok #greecetravel #zante #zante2022 #zantetravel #shipwreckbay.mp4",video,video/mp4,1846984,,,,84931e765bd3daafc1ddf05b92c28c60,"📍Zante, Shipwreck Island, Greece #greece #greecetiktok #greecetravel #zante #zante2022 #zantetravel #shipwreckbay","📍Zante, Shipwreck Island, Greece #greece #greecetiktok #greecetravel #zante #zante2022 #zantetravel ",#nature #travel #reels,,filename,READY,,0,,2026-09-29T03:04:31Z,2026-09-29T03:04:31Z
1igbdvZyojShqiKpZFWHL28iKli5iFdgh,01-nature,"📍Benagil, Portugal 🇵🇹 #benagil #benagilcave #benagilcaveportugal #portugal #portugaltiktok #ryanair #ryanairtravel.mp4",video,video/mp4,7490078,,,,451b69dcb9796dbe970a3ddc003d63d2,"📍Benagil, Portugal 🇵🇹 #benagil #benagilcave #benagilcaveportugal #portugal #portugaltiktok #ryanair #ryanairtravel","📍Benagil, Portugal 🇵🇹 #benagil #benagilcave #benagilcaveportugal #portugal #portugaltiktok #ryanair ",#nature #travel #reels,,filename,READY,,0,,2026-09-29T03:04:31Z,2026-09-29T03:04:31Z
1nH3BflbHtTaPzvI_iSRwSwQGU_GOsNtU,01-nature,"📍Plaza de España, Seville, Spain 🇪🇸 #plazadeespaña #seville #sevilla #spain #españa #españatiktok #travelspain.mp4",video,video/mp4,3647333,,,,cb588125c8173b91985833de82518620,"📍Plaza de España, Seville, Spain 🇪🇸 #plazadeespaña #seville #sevilla #spain #españa #españatiktok #travelspain","📍Plaza de España, Seville, Spain 🇪🇸 #plazadeespaña #seville #sevilla #spain #españa #españatiktok #t",#nature #travel #reels,,filename,READY,,0,,2026-09-29T03:04:31Z,2026-09-29T03:04:31Z
1ow1lBpB2DZzYq5Xl17k79ZxglXhMp3JQ,01-nature,"📍Benagil Cave, Portugal #portugal #portugaltravel #portugaltiktok #benagil #benagilcave #benagilcaveportugal #algarve.mp4",video,video/mp4,8426880,,,,22a999e71de95b118cb6b9136446e0b3,"📍Benagil Cave, Portugal #portugal #portugaltravel #portugaltiktok #benagil #benagilcave #benagilcaveportugal #algarve","📍Benagil Cave, Portugal #portugal #portugaltravel #portugaltiktok #benagil #benagilcave #benagilcave",#nature #travel #reels,,filename,READY,,0,,2026-09-29T03:04:31Z,2026-09-29T03:04:31Z
1i-3GGKKQ8nr5CNZi8rJkzOTN10QGNuTp,01-nature,"📍Portugal, Algarve 🇵🇹 #portugal #portugaltiktok #portugalviral #portugalrocks #algarve #algarveportugal #algarvetiktok.mp4",video,video/mp4,7228744,,,,323dc0dec237e8ce9b49745900c0d0b5,"📍Portugal, Algarve 🇵🇹 #portugal #portugaltiktok #portugalviral #portugalrocks #algarve #algarveportugal #algarvetiktok","📍Portugal, Algarve 🇵🇹 #portugal #portugaltiktok #portugalviral #portugalrocks #algarve #algarveportu",#nature #travel #reels,,filename,READY,,0,,2026-09-29T03:04:31Z,2026-09-29T03:04:31Z
1lUF1Y0jfqtzdmdDe6Z4NRvrWiBYaTeav,01-nature,"📍Spain, Seville #spain #spaintravel #spaintiktok #sevilla #seville #sevillespain #sevilletiktok #sevilletravel.mp4",video,video/mp4,22169094,,,,f1389bfbb9a99f1ec317070ce5789f36,"📍Spain, Seville #spain #spaintravel #spaintiktok #sevilla #seville #sevillespain #sevilletiktok #sevilletravel","📍Spain, Seville #spain #spaintravel #spaintiktok #sevilla #seville #sevillespain #sevilletiktok #sev",#nature #travel #reels,,filename,READY,,0,,2026-09-29T03:04:31Z,2026-09-29T03:04:31Z
19lqWamzH2Qo9qvcXC020F8GhRCxTBrMQ,01-nature,"📍Iceland, Geysir 🇮🇸 #iceland #icelandtravel #icelandtiktok #icelandic #geysir #geysiriceland #geysir_golden_circle.mp4",video,video/mp4,13492208,,,,c87acbc242345389961631672e172fe1,"📍Iceland, Geysir 🇮🇸 #iceland #icelandtravel #icelandtiktok #icelandic #geysir #geysiriceland #geysir golden circle","📍Iceland, Geysir 🇮🇸 #iceland #icelandtravel #icelandtiktok #icelandic #geysir #geysiriceland #geysir",#nature #travel #reels,,filename,READY,,0,,2026-09-29T03:04:31Z,2026-09-29T03:04:31Z
1tiwfx4YcTFbMop0X34EWXq9Mpwkbo4dm,01-nature,"📍Iceland, Blue Lagoon 🇮🇸 #iceland #icelandtravel #icelandtiktok #bluelagoon #bluelagooniceland #icelandic.mp4",video,video/mp4,10573313,,,,1e7bb16596a2f29f06fc713446ec76c7,"📍Iceland, Blue Lagoon 🇮🇸 #iceland #icelandtravel #icelandtiktok #bluelagoon #bluelagooniceland #icelandic","📍Iceland, Blue Lagoon 🇮🇸 #iceland #icelandtravel #icelandtiktok #bluelagoon #bluelagooniceland #icel",#nature #travel #reels,,filename,READY,,0,,2026-09-29T03:04:31Z,2026-09-29T03:04:31Z
1u-u7mSIYO_3IkesrdBqeQ5k0EDToC_j3,01-nature,📍Tenerife Sunset 🌅 #tenerife #tenerife🇮🇨 #tenerifesunset #sunset #holidaysunset #tenerifetravel #tenerifetiktok.mp4,video,video/mp4,2572051,,,,eebf331ad2b9d5418a5ff1899283d202,📍Tenerife Sunset 🌅 #tenerife #tenerife🇮🇨 #tenerifesunset #sunset #holidaysunset #tenerifetravel #tenerifetiktok,📍Tenerife Sunset 🌅 #tenerife #tenerife🇮🇨 #tenerifesunset #sunset #holidaysunset #tenerifetravel #ten,#nature #travel #reels,,filename,READY,,0,,2026-09-29T03:04:31Z,2026-09-29T03:04:31Z
1vgTofmRdlgGC6EnnVYOINKJDyH4Vayhe,01-nature,"📍Lanzarote, El Golfo #lanzarote #lanzarotetravel #lanzarotetiktok #elgolfo #elgolfolanzarote #greenlagoon #traveltiamae.mp4",video,video/mp4,21702601,,,,f5c751d24d79c656dabdd45fcfded594,"📍Lanzarote, El Golfo #lanzarote #lanzarotetravel #lanzarotetiktok #elgolfo #elgolfolanzarote #greenlagoon #traveltiamae","📍Lanzarote, El Golfo #lanzarote #lanzarotetravel #lanzarotetiktok #elgolfo #elgolfolanzarote #greenl",#nature #travel #reels,,filename,READY,,0,,2026-09-29T03:04:31Z,2026-09-29T03:04:31Z
1cNFYtKJ_-WW_Nz070fBSfHG0w7JIpMjV,01-nature,"📍La Gomera, Roque de Agando #lagomera #lagomeraislands #lagomeratravel #canaryislands #canaryislandstiktok.mp4",video,video/mp4,2454252,,,,1bcae7a0204cd86ad999b2757df5e445,"📍La Gomera, Roque de Agando #lagomera #lagomeraislands #lagomeratravel #canaryislands #canaryislandstiktok","📍La Gomera, Roque de Agando #lagomera #lagomeraislands #lagomeratravel #canaryislands #canaryislands",#nature #travel #reels,,filename,READY,,0,,2026-09-29T03:04:31Z,2026-09-29T03:04:31Z
1MZGXGNTAkkl0hk1Z57m-jfWVQZn-dFS5,01-nature,"📍Mount Teide, Tenerife 🌋 #tenerife #tenerifetravel #tenerifetiktok #mountteide #mountteidetenerife #volcano.mp4",video,video/mp4,2585059,,,,8472982686136298c69e4477ffb61bb7,"📍Mount Teide, Tenerife 🌋 #tenerife #tenerifetravel #tenerifetiktok #mountteide #mountteidetenerife #volcano","📍Mount Teide, Tenerife 🌋 #tenerife #tenerifetravel #tenerifetiktok #mountteide #mountteidetenerife #",#nature #travel #reels,,filename,READY,,0,,2026-09-29T03:04:31Z,2026-09-29T03:04:31Z
1j0H58fqD5J_zGcnIBInEow7B-bxnd0nC,01-nature,Sunflower Fields 🌻 #sunflowers #sunflowerfields #flowers #uk #travellife #traveltiktok #yellow #pretty #traveltiamae.mp4,video,video/mp4,7848675,,,,cd483eb9145f6c15b5908a9eb82e9dd5,Sunflower Fields 🌻 #sunflowers #sunflowerfields #flowers #uk #travellife #traveltiktok #yellow #pretty #traveltiamae,Sunflower Fields 🌻 #sunflowers #sunflowerfields #flowers #uk #travellife #traveltiktok #yellow #pret,#nature #travel #reels,,filename,READY,,0,,2026-09-29T03:04:31Z,2026-09-29T03:04:31Z
1jHJvnYki9k1FhcCDJbFpP3jdwuKfx-Dq,01-nature,"📍Zante, Greece 🇬🇷 #greece #greecetravel #greecetiktok #zante #zantetravel #zantetiktoks #traveltiktok #traveltiamae.mp4",video,video/mp4,2720057,,,,8a2e0e14902d4cf991b87407bc96e0a6,"📍Zante, Greece 🇬🇷 #greece #greecetravel #greecetiktok #zante #zantetravel #zantetiktoks #traveltiktok #traveltiamae","📍Zante, Greece 🇬🇷 #greece #greecetravel #greecetiktok #zante #zantetravel #zantetiktoks #traveltikto",#nature #travel #reels,,filename,READY,,0,,2026-09-29T03:04:31Z,2026-09-29T03:04:31Z
1c3lKQnR9l_Zp_d6q_e2tBmrPERyued9r,01-nature,📍Spain. Seville #spain #spaintravel #spaintiktok #sevillespain #secille #sevilla #sevilletravel #sevilletiktok.mp4,video,video/mp4,3744634,,,,2c3cb835ecd66f7d746cbd3311693d90,📍Spain. Seville #spain #spaintravel #spaintiktok #sevillespain #secille #sevilla #sevilletravel #sevilletiktok,📍Spain. Seville #spain #spaintravel #spaintiktok #sevillespain #secille #sevilla #sevilletravel #sev,#nature #travel #reels,,filename,READY,,0,,2026-09-29T03:04:31Z,2026-09-29T03:04:31Z
1VnkEiSemniJeOZZm5GhsRV3li3f3zSNm,01-nature,"📍Greece, Zakynthos 🌊 #greece #greecetravel #greecetiktok #zakynthos #zakynthosbeach #zakynthostravel #zakynthostiktok.mp4",video,video/mp4,2697227,,,,7edccf1df94e96863480b61846a6b1f0,"📍Greece, Zakynthos 🌊 #greece #greecetravel #greecetiktok #zakynthos #zakynthosbeach #zakynthostravel #zakynthostiktok","📍Greece, Zakynthos 🌊 #greece #greecetravel #greecetiktok #zakynthos #zakynthosbeach #zakynthostravel",#nature #travel #reels,,filename,READY,,0,,2026-09-29T03:04:31Z,2026-09-29T03:04:31Z
1evt9PS3tj3oACoOlqBcR7J3DlpxgeCAN,01-nature,📍Agalas #agalas #agalassunset #greece #greecetravel #greecetiktok #greeceholidays #traveltiktok #travel #traveltiamae.mp4,video,video/mp4,888233,,,,c8d49227a9739cc7d8d04f4440d9964a,📍Agalas #agalas #agalassunset #greece #greecetravel #greecetiktok #greeceholidays #traveltiktok #travel #traveltiamae,📍Agalas #agalas #agalassunset #greece #greecetravel #greecetiktok #greeceholidays #traveltiktok #tra,#nature #travel #reels,,filename,READY,,0,,2026-09-29T03:04:31Z,2026-09-29T03:04:31Z
1II6naPedB19_MMtwlYTPhDdajoCrcyAi,01-nature,"📍Mizithres, Keri, Zakynthos #zakynthos #mizithres #mizithresview #mizithreszakynthos #keri #greece #greecetiktok.mp4",video,video/mp4,2140827,,,,60395bb1f6ba2579b47af6a41164812e,"📍Mizithres, Keri, Zakynthos #zakynthos #mizithres #mizithresview #mizithreszakynthos #keri #greece #greecetiktok","📍Mizithres, Keri, Zakynthos #zakynthos #mizithres #mizithresview #mizithreszakynthos #keri #greece #",#nature #travel #reels,,filename,READY,,0,,2026-09-29T03:04:31Z,2026-09-29T03:04:31Z
136jffoXqnJbRjY-PdDeJDkwqxEHHylKs,01-nature,🌊 #zante #zakynthos #zakynthosgreece #zakynthostravel #zakynthostiktok #xigia #xigiabeach #greece #greecetravel.mp4,video,video/mp4,3293549,,,,c30afd5d071f530e11164135d27bdfec,🌊 #zante #zakynthos #zakynthosgreece #zakynthostravel #zakynthostiktok #xigia #xigiabeach #greece #greecetravel,🌊 #zante #zakynthos #zakynthosgreece #zakynthostravel #zakynthostiktok #xigia #xigiabeach #greece #g,#nature #travel #reels,,filename,READY,,0,,2026-09-29T03:04:31Z,2026-09-29T03:04:31Z
1J_Ce4ID5Z6qD-Cs0R3Ch8wq2LqYH1uHX,01-nature,"📍Mizithres, Keri, Zakynthos #mizithres #mizithresbeach #mizithreszakynthos #keri #zante #zakynthos #travel #travellife.mp4",video,video/mp4,5004413,,,,b2d89c044ab2f5adbce0cde264ae9d85,"📍Mizithres, Keri, Zakynthos #mizithres #mizithresbeach #mizithreszakynthos #keri #zante #zakynthos #travel #travellife","📍Mizithres, Keri, Zakynthos #mizithres #mizithresbeach #mizithreszakynthos #keri #zante #zakynthos #",#nature #travel #reels,,filename,READY,,0,,2026-09-29T03:04:31Z,2026-09-29T03:04:31Z
126YvKApZ4KT_igU5W98jDf5_Ot7FCcA1,01-nature,"📍Greece, Zakynthos, Rock Beach #greece #greecetravel #greecetiktok #zakynthos #zakynthostravel #zakynthostiktok.mp4",video,video/mp4,1787359,,,,eaaf20150b6a180b3857db3c5553f07b,"📍Greece, Zakynthos, Rock Beach #greece #greecetravel #greecetiktok #zakynthos #zakynthostravel #zakynthostiktok","📍Greece, Zakynthos, Rock Beach #greece #greecetravel #greecetiktok #zakynthos #zakynthostravel #zaky",#nature #travel #reels,,filename,READY,,0,,2026-09-29T03:04:31Z,2026-09-29T03:04:31Z
1qkVY5wQ0IG7lSbHl4X5AX07O93b8J_An,01-nature,📍New York 🇺🇸 #news #nyc #america #travelnewyork #travelnewyorkcity #travelusa #travel #traveltiktok #usa.mp4,video,video/mp4,3662147,,,,ba19893b25b9b212c132d451121935f4,📍New York 🇺🇸 #news #nyc #america #travelnewyork #travelnewyorkcity #travelusa #travel #traveltiktok #usa,📍New York 🇺🇸 #news #nyc #america #travelnewyork #travelnewyorkcity #travelusa #travel #traveltiktok ,#nature #travel #reels,,filename,READY,,0,,2026-09-29T03:04:31Z,2026-09-29T03:04:31Z
1pAu6a-qoF9QjmcMlSkQc1HWLXt1iHgGG,01-nature,"📍Statue of Liberty, New York #statueofliberty #newyork #newyork #newyorktravel #nyc #america #travelusa #travel.mp4",video,video/mp4,2115830,,,,c5933f5448bf420c878b4bc8a49f94c5,"📍Statue of Liberty, New York #statueofliberty #newyork #newyork #newyorktravel #nyc #america #travelusa #travel","📍Statue of Liberty, New York #statueofliberty #newyork #newyork #newyorktravel #nyc #america #travel",#nature #travel #reels,,filename,READY,,0,,2026-09-29T03:04:31Z,2026-09-29T03:04:31Z
1tLpd33V3g7Zs6pK5AwwwbuZReCVYMKIa,01-nature,📍New York #newyork #newyorkcity #newyorktravel #newyorkatnight #usatravel #usatiktok #nyc #travelnewyorkcity #nyc.mp4,video,video/mp4,1921906,,,,d32991f4c9040a19db68b5a413740928,📍New York #newyork #newyorkcity #newyorktravel #newyorkatnight #usatravel #usatiktok #nyc #travelnewyorkcity #nyc,📍New York #newyork #newyorkcity #newyorktravel #newyorkatnight #usatravel #usatiktok #nyc #travelnew,#nature #travel #reels,,filename,READY,,0,,2026-09-29T03:04:31Z,2026-09-29T03:04:31Z
1C78T_E-PtyaLylkkV42CYoFO6OFuIcyJ,01-nature,📍New York during the day ##newyorkcity #newyorktravel #newyorkduringtheday #usatravel #usatiktok #usatiktok.mp4,video,video/mp4,2388717,,,,c9e6cc0f91fb0371aeab3995d97a8c8b,📍New York during the day ##newyorkcity #newyorktravel #newyorkduringtheday #usatravel #usatiktok #usatiktok,📍New York during the day ##newyorkcity #newyorktravel #newyorkduringtheday #usatravel #usatiktok #us,#nature #travel #reels,,filename,READY,,0,,2026-09-29T03:04:31Z,2026-09-29T03:04:31Z
10B04O2EdBONb55Hmy6Z0sx3ol-lmHBGB,01-nature,"📍Brooklyn Bridge, New York 🇺🇸 #brooklynbridge #brooklyn #newyorkcity #newyorktravel #usatravel #usatiktok.mp4",video,video/mp4,3452493,,,,b1c6c1571d3ae2d85a1c7f6df3210356,"📍Brooklyn Bridge, New York 🇺🇸 #brooklynbridge #brooklyn #newyorkcity #newyorktravel #usatravel #usatiktok","📍Brooklyn Bridge, New York 🇺🇸 #brooklynbridge #brooklyn #newyorkcity #newyorktravel #usatravel #usat",#nature #travel #reels,,filename,READY,,0,,2026-09-29T03:04:31Z,2026-09-29T03:04:31Z
1PPkGjsCQ3rqAYbVR4JRuwR3fngkpBhYx,01-nature,📍Amsterdam #amsterdam #amsterdam #amsterdamtiktok #amsterdamtravel #thenetherlands #thenetherlandstourism.mp4,video,video/mp4,5341093,,,,391b5a4a86ea805f099006831380d229,📍Amsterdam #amsterdam #amsterdam #amsterdamtiktok #amsterdamtravel #thenetherlands #thenetherlandstourism,📍Amsterdam #amsterdam #amsterdam #amsterdamtiktok #amsterdamtravel #thenetherlands #thenetherlandsto,#nature #travel #reels,,filename,READY,,0,,2026-09-29T03:04:31Z,2026-09-29T03:04:31Z
1cOJSpJRXtoc2gFl-coUGtcX31PMVjjXy,01-nature,"📍Spain, Plaza de España, Seville 🇪🇸 #plazadeespaña #plazadeespañadesevilla #seville #sevilla #spain #travelspain.mp4",video,video/mp4,3995042,,,,2d10c331ed7733895773bbeaa3baf99a,"📍Spain, Plaza de España, Seville 🇪🇸 #plazadeespaña #plazadeespañadesevilla #seville #sevilla #spain #travelspain","📍Spain, Plaza de España, Seville 🇪🇸 #plazadeespaña #plazadeespañadesevilla #seville #sevilla #spain ",#nature #travel #reels,,filename,READY,,0,,2026-09-29T03:04:31Z,2026-09-29T03:04:31Z
1y8NR-UlSCMbphclSH7AzIwYWLqtJHQfX,01-nature,"📍Brienz, Switzerland #switzerland #switzerlandtravel #switzerlandtiktok #brienzerrothorn #brienz #switzerlandnature.mp4",video,video/mp4,3822901,,,,11da5b40e5edd3b2c2afe8a5ddb84ba6,"📍Brienz, Switzerland #switzerland #switzerlandtravel #switzerlandtiktok #brienzerrothorn #brienz #switzerlandnature","📍Brienz, Switzerland #switzerland #switzerlandtravel #switzerlandtiktok #brienzerrothorn #brienz #sw",#nature #travel #reels,,filename,READY,,0,,2026-09-29T03:04:31Z,2026-09-29T03:04:31Z
1wFC0y711jw7JVkvozWGVMOA6IlneCE09,01-nature,"📍Disneyland, Paris #disneyland #disneylandparis #disneylandparistravel #disneylandparistiktok #disney #disneytravel.mp4",video,video/mp4,6562182,,,,caac105a4690d182d69a181cdd17511c,"📍Disneyland, Paris #disneyland #disneylandparis #disneylandparistravel #disneylandparistiktok #disney #disneytravel","📍Disneyland, Paris #disneyland #disneylandparis #disneylandparistravel #disneylandparistiktok #disne",#nature #travel #reels,,filename,READY,,0,,2026-09-29T03:04:31Z,2026-09-29T03:04:31Z
1XcuyaOlB9evoee6pmD7Q6Th8AIqX_rd4,01-nature,"📍Disneyland, Paris #disneyland #disneylandparis #disneylandparistravel #disneylandparistiktok #disney #disneytravel (1).mp4",video,video/mp4,5241239,,,,ebe705bfb3a2fcc4c8978bcae6e6b06b,"📍Disneyland, Paris #disneyland #disneylandparis #disneylandparistravel #disneylandparistiktok #disney #disneytravel","📍Disneyland, Paris #disneyland #disneylandparis #disneylandparistravel #disneylandparistiktok #disne",#nature #travel #reels,,filename,READY,,0,,2026-09-29T03:04:31Z,2026-09-29T03:04:31Z
1mFtv-TCRBVre_uh_PO8ArA6AZNqxfShx,01-nature,"📍Disneyland at night, Paris #disneyland #disneylandparis #disneylandparisfrance #disneylandparistravel.mp4",video,video/mp4,2634949,,,,eb696bbbe22470e37364bd72ab390b51,"📍Disneyland at night, Paris #disneyland #disneylandparis #disneylandparisfrance #disneylandparistravel","📍Disneyland at night, Paris #disneyland #disneylandparis #disneylandparisfrance #disneylandparistrav",#nature #travel #reels,,filename,READY,,0,,2026-09-29T03:04:31Z,2026-09-29T03:04:31Z
1-f5ijHguh_ezINZ2-R0DNxqn8PKD4xpx,01-nature,"📍Benagil Cave, Portugal #portugal #portugaltravel #portugaltiktok #benagil #benagilcave #benagilcaves.mp4",video,video/mp4,8112521,,,,3b4badd6bedcf7eeaabb2b05ebe6f3cf,"📍Benagil Cave, Portugal #portugal #portugaltravel #portugaltiktok #benagil #benagilcave #benagilcaves","📍Benagil Cave, Portugal #portugal #portugaltravel #portugaltiktok #benagil #benagilcave #benagilcave",#nature #travel #reels,,filename,READY,,0,,2026-09-29T03:04:31Z,2026-09-29T03:04:31Z
165Y6SpVsponks4doyfNH96TMt5Qf1VNN,01-nature,📍Portugal 🇵🇹 #portugal #portugaltravel #portugaltiktok #benagil #benagilcave #benagilcaves #algarve #algarveportugal.mp4,video,video/mp4,6535390,,,,a74fdfe4e64e57cbce6adc22cad395a0,📍Portugal 🇵🇹 #portugal #portugaltravel #portugaltiktok #benagil #benagilcave #benagilcaves #algarve #algarveportugal,📍Portugal 🇵🇹 #portugal #portugaltravel #portugaltiktok #benagil #benagilcave #benagilcaves #algarve ,#nature #travel #reels,,filename,READY,,0,,2026-09-29T03:04:31Z,2026-09-29T03:04:31Z
144eATicflpscUKwgsGbCz1JqLepP_WKK,01-nature,"📍Spain, Plaza de España, Seville #plazadeespaña #plazadeespañadesevilla #seville #sevilla #spain #travelspain.mp4",video,video/mp4,4055622,,,,c2cea3f0ec4e8e7447c0fedcd99b955c,"📍Spain, Plaza de España, Seville #plazadeespaña #plazadeespañadesevilla #seville #sevilla #spain #travelspain","📍Spain, Plaza de España, Seville #plazadeespaña #plazadeespañadesevilla #seville #sevilla #spain #tr",#nature #travel #reels,,filename,READY,,0,,2026-09-29T03:04:31Z,2026-09-29T03:04:31Z
1RmU9bW18eoA1XhcPbdllYihOShAXk5v4,01-nature,"📍Disneyland, Paris #paris #disneylandparis #disney #disneyland #disneylandtiktok #disneylandparisparade #paristravel.mp4",video,video/mp4,6280906,,,,6e73512a9a6c4eccb933c46fe31177c6,"📍Disneyland, Paris #paris #disneylandparis #disney #disneyland #disneylandtiktok #disneylandparisparade #paristravel","📍Disneyland, Paris #paris #disneylandparis #disney #disneyland #disneylandtiktok #disneylandparispar",#nature #travel #reels,,filename,READY,,0,,2026-09-29T03:04:31Z,2026-09-29T03:04:31Z
1-LBuX1HS_gqabAW66jGjz-bQmjQ_xOKU,01-nature,🇬🇷 #greece #greecetravel #greecetiktok #zante #zantetravel #zakynthos #zakynthosgreece #zakynthostravel #zakynthosbeach.mp4,video,video/mp4,5011106,,,,ebe70c88b054c4ddae9fe8830089c1d5,🇬🇷 #greece #greecetravel #greecetiktok #zante #zantetravel #zakynthos #zakynthosgreece #zakynthostravel #zakynthosbeach,🇬🇷 #greece #greecetravel #greecetiktok #zante #zantetravel #zakynthos #zakynthosgreece #zakynthostra,#nature #travel #reels,,filename,READY,,0,,2026-09-29T03:04:31Z,2026-09-29T03:04:31Z
19wFqMqJQBvh6PLLHkEYQLVsV7kRX_aqG,01-nature,"📍Switzerland, Brienz 🇨🇭 #switzerland #switzerlandtravel #switzerlandtiktok #switzerlandviews #brienz #brienzswitzerland.mp4",video,video/mp4,3220030,,,,5c79b4a8589dba395600d60b8d741940,"📍Switzerland, Brienz 🇨🇭 #switzerland #switzerlandtravel #switzerlandtiktok #switzerlandviews #brienz #brienzswitzerland","📍Switzerland, Brienz 🇨🇭 #switzerland #switzerlandtravel #switzerlandtiktok #switzerlandviews #brienz",#nature #travel #reels,,filename,READY,,0,,2026-09-29T03:04:31Z,2026-09-29T03:04:31Z
1X_PUdfaqWr0_AzmJAZIFAXHIEEYieBgP,01-nature,"📍Zakynthos, Mizithres, Keri #zakynthos #zakynthosgreece #zakynthostravel #mizithres #mizithreszakynthos #mizithresview.mp4",video,video/mp4,4957701,,,,e2f06866a8c28bc99512c4fc1ee89551,"📍Zakynthos, Mizithres, Keri #zakynthos #zakynthosgreece #zakynthostravel #mizithres #mizithreszakynthos #mizithresview","📍Zakynthos, Mizithres, Keri #zakynthos #zakynthosgreece #zakynthostravel #mizithres #mizithreszakynt",#nature #travel #reels,,filename,READY,,0,,2026-09-29T03:04:31Z,2026-09-29T03:04:31Z
1xxJry44U779jXJYaMwnakeRIiHlBZeK3,01-nature,🏴󠁧󠁢󠁳󠁣󠁴󠁿 #scotland #scotlandtiktok #scotlandtravel #scotlandtok #glencoe #glencoescotland #kingshousehotelglencoe.mp4,video,video/mp4,11061089,,,,00c725d752f3dcb5fc07ec49596c067f,🏴󠁧󠁢󠁳󠁣󠁴󠁿 #scotland #scotlandtiktok #scotlandtravel #scotlandtok #glencoe #glencoescotland #kingshousehotelglencoe,🏴󠁧󠁢󠁳󠁣󠁴󠁿 #scotland #scotlandtiktok #scotlandtravel #scotlandtok #glencoe #glencoescotland #kingshouse,#nature #travel #reels,,filename,READY,,0,,2026-09-29T03:04:31Z,2026-09-29T03:04:31Z
1IzYyWz_cc1_QOruqSsY4brEpi6gKwYWC,01-nature,📍Scotland 🏴󠁧󠁢󠁳󠁣󠁴󠁿 #scotland #scotlandtravel #scottishtiktok #glencoe #fortwilliam #isleofskye #glenfinnanviaduct.mp4,video,video/mp4,16480827,,,,efbaca82922b67d8bf068f4e23fb015f,📍Scotland 🏴󠁧󠁢󠁳󠁣󠁴󠁿 #scotland #scotlandtravel #scottishtiktok #glencoe #fortwilliam #isleofskye #glenfinnanviaduct,📍Scotland 🏴󠁧󠁢󠁳󠁣󠁴󠁿 #scotland #scotlandtravel #scottishtiktok #glencoe #fortwilliam #isleofskye #glenf,#nature #travel #reels,,filename,READY,,0,,2026-09-29T03:04:31Z,2026-09-29T03:04:31Z
1hrDGeRNGXs1YazSDid8w9iSoENjMOsox,01-nature,📍Scotland 🏴󠁧󠁢󠁳󠁣󠁴󠁿 #scotland #scotlandtravel #scotlandtok #isleofskye #isleofskyescotland #isleofskyetravel #camping.mp4,video,video/mp4,17056358,,,,3f88fbe7183fa4e45653d4ea331661c4,📍Scotland 🏴󠁧󠁢󠁳󠁣󠁴󠁿 #scotland #scotlandtravel #scotlandtok #isleofskye #isleofskyescotland #isleofskyetravel #camping,📍Scotland 🏴󠁧󠁢󠁳󠁣󠁴󠁿 #scotland #scotlandtravel #scotlandtok #isleofskye #isleofskyescotland #isleofskye,#nature #travel #reels,,filename,READY,,0,,2026-09-29T03:04:31Z,2026-09-29T03:04:31Z
1jtdImut_b5sF0OBS8qT-x4-zWgxbuZzJ,01-nature,📍Scotland 🏴󠁧󠁢󠁳󠁣󠁴󠁿 #scotland #scotlandtravel #scotlandtiktok #scotlandtok #highlandcow #highlands #highlandcowsoftiktok.mp4,video,video/mp4,17922376,,,,db528464c64170207055c260d025d329,📍Scotland 🏴󠁧󠁢󠁳󠁣󠁴󠁿 #scotland #scotlandtravel #scotlandtiktok #scotlandtok #highlandcow #highlands #highlandcowsoftiktok,📍Scotland 🏴󠁧󠁢󠁳󠁣󠁴󠁿 #scotland #scotlandtravel #scotlandtiktok #scotlandtok #highlandcow #highlands #hi,#nature #travel #reels,,filename,READY,,0,,2026-09-29T03:04:31Z,2026-09-29T03:04:31Z
1mjVr9W3qzEej2rYx4Ju2aAlTKi0YHlpZ,01-nature,"📍Torridon, Callum the stag 🦌, Scotland #scotland #scotlandtravel #scotlandtiktok #scotlandtok #scottishtiktok #torridon.mp4",video,video/mp4,17600300,,,,c9030b6b0187304d6e1d0ced9db806a9,"📍Torridon, Callum the stag 🦌, Scotland #scotland #scotlandtravel #scotlandtiktok #scotlandtok #scottishtiktok #torridon","📍Torridon, Callum the stag 🦌, Scotland #scotland #scotlandtravel #scotlandtiktok #scotlandtok #scott",#nature #travel #reels,,filename,READY,,0,,2026-09-29T03:04:31Z,2026-09-29T03:04:31Z
1zauHGy1W2txVHve-PS-s07TnTMJfy_AP,01-nature,"📍Fairy Glen, Isle of Skye, Scotland #fairyglen #fairyglenskye #fairyglenscotland #isleofskye #isleofskyescotland.mp4",video,video/mp4,18169361,,,,ef08f8d136302454ed2ff0cd3b0fa430,"📍Fairy Glen, Isle of Skye, Scotland #fairyglen #fairyglenskye #fairyglenscotland #isleofskye #isleofskyescotland","📍Fairy Glen, Isle of Skye, Scotland #fairyglen #fairyglenskye #fairyglenscotland #isleofskye #isleof",#nature #travel #reels,,filename,READY,,0,,2026-09-29T03:04:31Z,2026-09-29T03:04:31Z
1UApscSW4wTAVn25AifZ6BnGe1_t8101K,01-nature,"📍Clachtoll Beach, Scotland #scotland #scotlandtravel #scotlandtiktok #scotlanduncovered #scottishtiktok #scotlandtok.mp4",video,video/mp4,14829371,,,,ce9871b3460c80450ba791518234e165,"📍Clachtoll Beach, Scotland #scotland #scotlandtravel #scotlandtiktok #scotlanduncovered #scottishtiktok #scotlandtok","📍Clachtoll Beach, Scotland #scotland #scotlandtravel #scotlandtiktok #scotlanduncovered #scottishtik",#nature #travel #reels,,filename,READY,,0,,2026-09-29T03:04:31Z,2026-09-29T03:04:31Z
1s9dkUzh0N8nMYBzQ2bZEm5oZRTUeEc0V,01-nature,🌊🌅 #greece #greecetiktok #greecetravel #zakynthos #zakynthosgreece #zakynthostravel #zakynthostiktok #zakynthossunset.mp4,video,video/mp4,1982590,,,,fb28c6fe06a8fec3776b8f78be94d608,🌊🌅 #greece #greecetiktok #greecetravel #zakynthos #zakynthosgreece #zakynthostravel #zakynthostiktok #zakynthossunset,🌊🌅 #greece #greecetiktok #greecetravel #zakynthos #zakynthosgreece #zakynthostravel #zakynthostiktok,#nature #travel #reels,,filename,READY,,0,,2026-09-29T03:04:31Z,2026-09-29T03:04:31Z
1Ihe0_cYT77LjcZ7BQnyekbSvYg-hMvXD,01-nature,"📍Blue Lagoon, Iceland 🇮🇸 #iceland #icelandtravel #icelandtiktok #icelandadventure #bluelagoon #bluelagooniceland.mp4",video,video/mp4,13999335,,,,8652efae3519c357c66df946b166cae8,"📍Blue Lagoon, Iceland 🇮🇸 #iceland #icelandtravel #icelandtiktok #icelandadventure #bluelagoon #bluelagooniceland","📍Blue Lagoon, Iceland 🇮🇸 #iceland #icelandtravel #icelandtiktok #icelandadventure #bluelagoon #bluel",#nature #travel #reels,,filename,READY,,0,,2026-09-29T03:04:31Z,2026-09-29T03:04:31Z
1-_Pl-3meMxL1_2EFgCqkykqzjx3PVxU2,01-nature,"📍Kerid Crater, Iceland 🌋 #iceland #icelandtravel #icelandtiktok #icelandadventure #keridcrater #kerid #icelandvolcano.mp4",video,video/mp4,10816085,,,,cf7af0caf17ec51850c463213f0b6521,"📍Kerid Crater, Iceland 🌋 #iceland #icelandtravel #icelandtiktok #icelandadventure #keridcrater #kerid #icelandvolcano","📍Kerid Crater, Iceland 🌋 #iceland #icelandtravel #icelandtiktok #icelandadventure #keridcrater #keri",#nature #travel #reels,,filename,READY,,0,,2026-09-29T03:04:31Z,2026-09-29T03:04:31Z
1yQ3ANKGiWMPlRVvUABgX0M5dJNB5AZZN,01-nature,"📍Geysir, Iceland 🇮🇸 #iceland #icelandtravel #icelandtiktok #icelandadventure #geysir #geysiriceland.mp4",video,video/mp4,12419834,,,,82cb6fc6272afccd1ee80827bac59b77,"📍Geysir, Iceland 🇮🇸 #iceland #icelandtravel #icelandtiktok #icelandadventure #geysir #geysiriceland","📍Geysir, Iceland 🇮🇸 #iceland #icelandtravel #icelandtiktok #icelandadventure #geysir #geysiriceland",#nature #travel #reels,,filename,READY,,0,,2026-09-29T03:04:31Z,2026-09-29T03:04:31Z
1QfF9gZV7B91D1I9fJj1eB483y9QUIcw-,01-nature,"📍Reykjavik, Iceland #reykjavik #reykjavikiceland #reykjavikcity #reykjaviktravel #iceland #icelandtravel.mp4",video,video/mp4,11196458,,,,97144381a108d7ed82cf9de9fd2a903f,"📍Reykjavik, Iceland #reykjavik #reykjavikiceland #reykjavikcity #reykjaviktravel #iceland #icelandtravel","📍Reykjavik, Iceland #reykjavik #reykjavikiceland #reykjavikcity #reykjaviktravel #iceland #icelandtr",#nature #travel #reels,,filename,READY,,0,,2026-09-29T03:04:31Z,2026-09-29T03:04:31Z
1Wh5y1BQguM4k9qgcuWubzFvJPXTzsBXa,01-nature,"📍Mizithres, Keri, Zakynthos #mizithres #mizithresbeach #mizithreszakynthos #mizithresview #keri #zante #zakynthos.mp4",video,video/mp4,4434321,,,,6c973365a2a60a9da4a0452f96d06839,"📍Mizithres, Keri, Zakynthos #mizithres #mizithresbeach #mizithreszakynthos #mizithresview #keri #zante #zakynthos","📍Mizithres, Keri, Zakynthos #mizithres #mizithresbeach #mizithreszakynthos #mizithresview #keri #zan",#nature #travel #reels,,filename,READY,,0,,2026-09-29T03:04:31Z,2026-09-29T03:04:31Z
1QR31qqrJbqPEZMbN0Qr9mRZTjKgUyx97,01-nature,"📍Zante, Greece 🇬🇷 #zante #zakynthos #zakynthosgreece #zakynthosisland #greece #greecetravel #greecetiktok #turtleisland.mp4",video,video/mp4,3638435,,,,f8a199129b453d51cf0630f2c643fc11,"📍Zante, Greece 🇬🇷 #zante #zakynthos #zakynthosgreece #zakynthosisland #greece #greecetravel #greecetiktok #turtleisland","📍Zante, Greece 🇬🇷 #zante #zakynthos #zakynthosgreece #zakynthosisland #greece #greecetravel #greecet",#nature #travel #reels,,filename,READY,,0,,2026-09-29T03:04:31Z,2026-09-29T03:04:31Z
1V_JbP2EuDq5dLbLIV0sLr6wwpdF3LeKN,01-nature,"📍Spain, Plaza de España, Seville 🇪🇸 #spain #travelspain #plazadeespaña #seville #sevillespain #travel #traveltiktok.mp4",video,video/mp4,9663194,,,,4fd9899e474f5edc7e1d378bd4942ca1,"📍Spain, Plaza de España, Seville 🇪🇸 #spain #travelspain #plazadeespaña #seville #sevillespain #travel #traveltiktok","📍Spain, Plaza de España, Seville 🇪🇸 #spain #travelspain #plazadeespaña #seville #sevillespain #trave",#nature #travel #reels,,filename,READY,,0,,2026-09-29T03:04:31Z,2026-09-29T03:04:31Z
1KizGiARdlw6K8NYVu_QfawxRNWdO3hx-,01-nature,📍Scotland 🏴󠁧󠁢󠁳󠁣󠁴󠁿 #scotland #scotlandtravel #scotlandtiktok #scotlandtok #highlandcow #highlands #highlandcowsoftiktok (1).mp4,video,video/mp4,17302390,,,,b4f0878e12c03c79cc46997d1bd42c0f,📍Scotland 🏴󠁧󠁢󠁳󠁣󠁴󠁿 #scotland #scotlandtravel #scotlandtiktok #scotlandtok #highlandcow #highlands #highlandcowsoftiktok,📍Scotland 🏴󠁧󠁢󠁳󠁣󠁴󠁿 #scotland #scotlandtravel #scotlandtiktok #scotlandtok #highlandcow #highlands #hi,#nature #travel #reels,,filename,READY,,0,,2026-09-29T03:04:31Z,2026-09-29T03:04:31Z
1Idlo3mXwgZxWJUf2KO0uSV1ws73XIIev,01-nature,Seville 🇪🇸 #seville #sevillespain #sevilla #spain #travelspain #travel #traveltiktok #travellife #traveltok.mp4,video,video/mp4,11634454,,,,2c38b162b5dbf57a3eaeaf918aa24985,Seville 🇪🇸 #seville #sevillespain #sevilla #spain #travelspain #travel #traveltiktok #travellife #traveltok,Seville 🇪🇸 #seville #sevillespain #sevilla #spain #travelspain #travel #traveltiktok #travellife #tr,#nature #travel #reels,,filename,READY,,0,,2026-09-29T03:04:31Z,2026-09-29T03:04:31Z
1GxG_zTckOZFrmZ1dnEoKt976CNZ3ktGN,01-nature,"📍Benagil Cave, Portugal #portugal #portugaltravel #portugaltiktok #benagil #benagilcaves #benagilcave #algarve.mp4",video,video/mp4,12601834,,,,d4ab87190fa5268b56f877279b213d4b,"📍Benagil Cave, Portugal #portugal #portugaltravel #portugaltiktok #benagil #benagilcaves #benagilcave #algarve","📍Benagil Cave, Portugal #portugal #portugaltravel #portugaltiktok #benagil #benagilcaves #benagilcav",#nature #travel #reels,,filename,READY,,0,,2026-09-29T03:04:31Z,2026-09-29T03:04:31Z
1bPLXh0-Nh5amrgICWQ1zmrsnerEs3065,01-nature,📍Portugal 🇵🇹 #portugal #travelportugal #albufeira🇵🇹 #algarve #algarveportugal #benagilcaves #caves #cavesandcliffs.mp4,video,video/mp4,17953349,,,,70315fbb46f189fefc8b909b93fbcf46,📍Portugal 🇵🇹 #portugal #travelportugal #albufeira🇵🇹 #algarve #algarveportugal #benagilcaves #caves #cavesandcliffs,📍Portugal 🇵🇹 #portugal #travelportugal #albufeira🇵🇹 #algarve #algarveportugal #benagilcaves #caves #,#nature #travel #reels,,filename,READY,,0,,2026-09-29T03:04:31Z,2026-09-29T03:04:31Z
1yoT_5yxLxoHsLsYfZQiXB2_BJ07WQ6kV,01-nature,"📍Spain, Seville #spain #spaintravel #spaintiktok #sevilla #seville #sevillatiktok #sevillatiktok #traveltiamae.mp4",video,video/mp4,17960474,,,,00c6f5857d67cc3f69c0e7068851c4be,"📍Spain, Seville #spain #spaintravel #spaintiktok #sevilla #seville #sevillatiktok #sevillatiktok #traveltiamae","📍Spain, Seville #spain #spaintravel #spaintiktok #sevilla #seville #sevillatiktok #sevillatiktok #tr",#nature #travel #reels,,filename,READY,,0,,2026-09-29T03:04:31Z,2026-09-29T03:04:31Z
158lO2jANtLpZtY7KGJcf_SJbvb7gkMgh,01-nature,Switzerland #switzerland #switzerland🇨🇭 #switzerlandtravel #switzerlandadventure #switzerlandviews #swisstiktok.mp4,video,video/mp4,4414862,,,,53582ff9d462d5a54d4a6f69056489c3,Switzerland #switzerland #switzerland🇨🇭 #switzerlandtravel #switzerlandadventure #switzerlandviews #swisstiktok,Switzerland #switzerland #switzerland🇨🇭 #switzerlandtravel #switzerlandadventure #switzerlandviews #,#nature #travel #reels,,filename,READY,,0,,2026-09-29T03:04:31Z,2026-09-29T03:04:31Z
1fK35pAoSvIob7PTm9qpn9qMnLE3mdjeE,01-nature,🇺🇸 #usa #america #newyork #newyorkcity #travelusa #brooklyn #brooklynbridge #nyc #nyclife #newyorktravel #tiamae.mp4,video,video/mp4,4346104,,,,dbd8be7a3e3e54776b80440ade54173c,🇺🇸 #usa #america #newyork #newyorkcity #travelusa #brooklyn #brooklynbridge #nyc #nyclife #newyorktravel #tiamae,🇺🇸 #usa #america #newyork #newyorkcity #travelusa #brooklyn #brooklynbridge #nyc #nyclife #newyorktr,#nature #travel #reels,,filename,READY,,0,,2026-09-29T03:04:31Z,2026-09-29T03:04:31Z
1gHBssfacNzws1rksafCw60wdCPit18Jt,01-nature,#greece #travelgreece #greecetiktokers #zakynthos #zakinthos #zante #navagiobeach #turtleisland #shipwreck #bluesea.mp4,video,video/mp4,4958536,,,,1fe0d0f490329931711ae62e8cecc9c6,#greece #travelgreece #greecetiktokers #zakynthos #zakinthos #zante #navagiobeach #turtleisland #shipwreck #bluesea,#greece #travelgreece #greecetiktokers #zakynthos #zakinthos #zante #navagiobeach #turtleisland #shi,#nature #travel #reels,,filename,READY,,0,,2026-09-29T03:04:31Z,2026-09-29T03:04:31Z
1_VWAPtuwvdhMxRVZ7-owi3rYHQ1olsC3,01-nature,Beautiful blue sea 🌊 #zante #zakynthos #zakynthosisland #zakynthosgreece #greece #greekisland #greecetravel.mp4,video,video/mp4,1657430,,,,c05191c8e88bdf4bed9477619f02992a,Beautiful blue sea 🌊 #zante #zakynthos #zakynthosisland #zakynthosgreece #greece #greekisland #greecetravel,Beautiful blue sea 🌊 #zante #zakynthos #zakynthosisland #zakynthosgreece #greece #greekisland #greec,#nature #travel #reels,,filename,READY,,0,,2026-09-29T03:04:31Z,2026-09-29T03:04:31Z
1kSOD2i4sPNscx0e55Dh8wmqiViQ0eBvA,01-nature,"📍Aphrodite Rock, Cyprus 🇨🇾 #cyprus #cyprustravel #cypruslife #cyprustiktok #tiktokcyprus #aphroditerock #summer #beach.mp4",video,video/mp4,18936148,,,,b87c7ac5b2ff8e6594d7c777b337c82a,"📍Aphrodite Rock, Cyprus 🇨🇾 #cyprus #cyprustravel #cypruslife #cyprustiktok #tiktokcyprus #aphroditerock #summer #beach","📍Aphrodite Rock, Cyprus 🇨🇾 #cyprus #cyprustravel #cypruslife #cyprustiktok #tiktokcyprus #aphroditer",#nature #travel #reels,,filename,READY,,0,,2026-09-29T03:04:31Z,2026-09-29T03:04:31Z
1a3xQ0wFhLYHt8GG_xLXO4LOBZV6DF8yg,01-nature,"📍Adonis Baths Waterfalls, Cyprus #cyprus #cyprustravel #cypruslife #cyprustiktok #tiktokcyprus #adonisbathswaterfalls.mp4",video,video/mp4,17937288,,,,92848843389337516c21d8a95b682607,"📍Adonis Baths Waterfalls, Cyprus #cyprus #cyprustravel #cypruslife #cyprustiktok #tiktokcyprus #adonisbathswaterfalls","📍Adonis Baths Waterfalls, Cyprus #cyprus #cyprustravel #cypruslife #cyprustiktok #tiktokcyprus #adon",#nature #travel #reels,,filename,READY,,0,,2026-09-29T03:04:31Z,2026-09-29T03:04:31Z
1QP_vNNpd7YEPt51Y6tHq4y0ibB61ctme,01-nature,Switzerland 🇨🇭 #switzerland #switzerlandtravel #travelswitzerland #switzerlandnature #swissbeautiful #swisstok.mp4,video,video/mp4,3959543,,,,851de506c388fc340aae9f0c4bc9f311,Switzerland 🇨🇭 #switzerland #switzerlandtravel #travelswitzerland #switzerlandnature #swissbeautiful #swisstok,Switzerland 🇨🇭 #switzerland #switzerlandtravel #travelswitzerland #switzerlandnature #swissbeautiful,#nature #travel #reels,,filename,READY,,0,,2026-09-29T03:04:31Z,2026-09-29T03:04:31Z
1JatS0ORLJwfLJ3E1JcJsAkX_2ZxERlAR,01-nature,The cutest Highland Cows 😍 #highlandcows #highlandcow #highlandcowsoftiktok #highland #highlands #cows #cowsoftiktok.mp4,video,video/mp4,18156014,,,,cc7db7c486d25424001bd43649cc82c2,The cutest Highland Cows 😍 #highlandcows #highlandcow #highlandcowsoftiktok #highland #highlands #cows #cowsoftiktok,The cutest Highland Cows 😍 #highlandcows #highlandcow #highlandcowsoftiktok #highland #highlands #co,#nature #travel #reels,,filename,READY,,0,,2026-09-29T03:04:31Z,2026-09-29T03:04:31Z
