job_id,idempotency_key,content_id,account_key,platform,slot_at_utc,state,attempts,next_attempt_utc,claimed_by_run,claimed_at_utc,external_ref,platform_post_id,published_at_utc,last_error,last_error_class,created_at_utc,updated_at_utc
1,cc5651e01bc299a29d9f254655c3222cbcdb769c,1gHBssfacNzws1rksafCw60wdCPit18Jt,01-nature.fb,facebook,2026-09-30T03:00:00Z,PUBLISHED,1,,gh-36515958235-1,2026-09-29T03:10:36Z,28811289915175198,28811289915175198,2026-09-29T03:10:48Z,,,2026-09-29T03:10:36Z,2026-09-29T03:10:48Z
2,f582b1703766801cec94ea6ffcd28cf8e3162c35,1gHBssfacNzws1rksafCw60wdCPit18Jt,01-nature.ig,instagram,2026-09-30T03:00:00Z,PUBLISHED,1,,gh-36663833088-1,2026-09-30T03:19:07Z,18134723458598118,18084499736698951,2026-09-30T03:20:02Z,,,2026-09-29T03:10:48Z,2026-09-30T03:20:02Z
3,376fb0d3dbc7238d96234e14d84e5de2efbef595,1zuSmgr-8yZMfh2oD3m254SK5PquZhG4P,01-nature.fb,facebook,2026-09-30T12:00:00Z,PUBLISHED,1,,gh-36515958235-1,2026-09-29T03:10:48Z,2148969519381699,2148969519381699,2026-09-29T03:11:00Z,,,2026-09-29T03:10:48Z,2026-09-29T03:11:00Z
4,dc050add3ad8c10964c4100a24b603441174e733,1zuSmgr-8yZMfh2oD3m254SK5PquZhG4P,01-nature.ig,instagram,2026-09-30T12:00:00Z,PUBLISHED,1,,gh-36714762817-1,2026-09-30T12:26:56Z,18134816515598118,17880020232628184,2026-09-30T12:27:34Z,,,2026-09-29T03:11:00Z,2026-09-30T12:27:34Z
5,4b4804030c6dec85c4d270f5c9e310b60dba8673,1Ya8iwCr9-Ek5vovr2mTO5DPdrFxa5suC,01-nature.fb,facebook,2026-09-30T15:00:00Z,PUBLISHED,1,,gh-36515958235-1,2026-09-29T03:11:00Z,2089188081703262,2089188081703262,2026-09-29T03:11:11Z,,,2026-09-29T03:11:00Z,2026-09-29T03:11:11Z
6,0d865f91e6f5e9756345379a04068bb14cc6c099,1Ya8iwCr9-Ek5vovr2mTO5DPdrFxa5suC,01-nature.ig,instagram,2026-09-30T15:00:00Z,PUBLISHED,1,,gh-36736166593-1,2026-09-30T15:22:19Z,18134860633598118,18120564476304082,2026-09-30T15:22:58Z,,,2026-09-29T03:11:11Z,2026-09-30T15:22:58Z
7,162e85b2307c0ce468f8235ddbc6d2c8d885760a,1mX7hmbAIJtZcPjlOrzj_zVdaact1os90,01-nature.fb,facebook,2026-09-30T03:00:00Z,PUBLISHED,1,,gh-36606112653-1,2026-09-29T17:36:24Z,1856074685752610,1856074685752610,2026-09-29T17:36:42Z,,,2026-09-29T17:36:24Z,2026-09-29T17:36:42Z
8,0bea95dd78df1097a91e6acdd09f0a67585e7ac5,1mX7hmbAIJtZcPjlOrzj_zVdaact1os90,01-nature.ig,instagram,2026-09-30T03:00:00Z,PUBLISHED,1,,gh-36663833088-1,2026-09-30T03:20:02Z,18134723809598118,18207948259317932,2026-09-30T03:20:52Z,,,2026-09-29T17:36:42Z,2026-09-30T03:20:52Z
9,e5cd950315848957ba357e89192111c8b18ca3b1,1yn630l1CwTVpRn2EVzLjDf2pWWAVCg2_,01-nature.fb,facebook,2026-09-30T12:00:00Z,PUBLISHED,1,,gh-36606112653-1,2026-09-29T17:36:42Z,2134752040734868,2134752040734868,2026-09-29T17:36:53Z,,,2026-09-29T17:36:42Z,2026-09-29T17:36:53Z
10,b8219a979f3ec7b0d3665a2d10fb829384c05708,1yn630l1CwTVpRn2EVzLjDf2pWWAVCg2_,01-nature.ig,instagram,2026-09-30T12:00:00Z,PUBLISHED,1,,gh-36714762817-1,2026-09-30T12:27:35Z,18134816698598118,18102933449574861,2026-09-30T12:28:31Z,,,2026-09-29T17:36:53Z,2026-09-30T12:28:31Z
11,6fe1c8c2714be64795c3bb3264b1f8a0ca94c8db,1Slr3K9U2Pj8tS7KMCQ1eTvnVX0RwtDX7,01-nature.fb,facebook,2026-09-30T15:00:00Z,PUBLISHED,1,,gh-36606112653-1,2026-09-29T17:36:53Z,771463542729102,771463542729102,2026-09-29T17:37:03Z,,,2026-09-29T17:36:53Z,2026-09-29T17:37:03Z
12,52076d5d7c09d6646d5e1a63e92980b9dc45eef4,1Slr3K9U2Pj8tS7KMCQ1eTvnVX0RwtDX7,01-nature.ig,instagram,2026-09-30T15:00:00Z,SCHEDULED,0,,,,,,,,,2026-09-29T17:37:03Z,2026-09-29T17:37:03Z
